run_id,project_id,function_id,dimension,unit_id,unit_kind,layer,status,verdict,confidence,confidence_sd,flagged_unstable,valid_runs,cassette_runs,cassette_fail_runs,cassette_pass_runs,vote_matches_report,carrier_run_index,codes,rationale,violation_messages
e7-corpus-003-dry-run-test,dry-run-test,FF-N01,integrity,src/auth#application,module,application,valid,fail,0.660000,0.043205,false,3,3,3,0,true,1,JC-N01-DUP,"src/auth/auth.service.ts is cohesive: AuthService covers login, social login, registration, email confirmation, password reset, profile update, token refresh and logout. It also has one shared helper, the private getTokensData, which builds access and refresh tokens. That helper is the right pattern, but the file does not follow it for two other security rules. (1) The rule for making a session hash, crypto.createHash('sha256').update(randomStringGenerator()).digest('hex'), is written out separately in validateLogin, validateSocialLogin and refreshToken. (2) The email-confirmation token is signed with auth.confirmEmailSecret and auth.confirmEmailExpires, and that code is copied in register and update. It is verified with the same secret in two near-identical blocks, in confirmEmail and confirmNewEmail. The session-plus-token issuing sequence (sessionService.create then getTokensData) is also repeated in validateLogin and validateSocialLogin, and the bcrypt.compare password check appears in both validateLogin and update. If one copy is changed and another is missed, the behaviour drifts apart. This meets the rubric's failure condition: a rule or invariant is repeated instead of living in one place.","The session-hash rule (sha256 of randomStringGenerator()) is copied in validateLogin, validateSocialLogin and refreshToken. It should be one private helper, like getTokensData. | Confirmation-token signing (auth.confirmEmailSecret / auth.confirmEmailExpires) is copied in register and update. Verification with the same secret and 'invalidHash' error is copied in confirmEmail and confirmNewEmail. The token rule is not kept in one place. | validateLogin and validateSocialLogin repeat the same session-creation and token-issuing sequence instead of sharing one helper."
e7-corpus-003-dry-run-test,dry-run-test,FF-N01,integrity,src/auth-google#application,module,application,valid,pass,0.880000,0.000000,false,3,3,0,3,true,0,JC-N01-SPLIT;JC-N01-DUP;JC-N01-BYPASS,"The unit has one file, src/auth-google/auth-google.service.ts, and it covers one concern: checking a Google ID token and turning its payload into the shared SocialInterface profile. AuthGoogleService has one public method, getProfileByToken. It uses the module's own AuthGoogleLoginDto as input and returns SocialInterface. The error format it throws (UnprocessableEntityException with status and errors) follows the usual project style. There is no unrelated logic and no bypassed module abstraction. The file reads 'google.clientId' twice. The constructor uses configService.get and getProfileByToken uses getOrThrow. This is a small inconsistency in how the same config value is read, but it is not a duplicated business rule or invariant, so it does not fail the rubric.",
e7-corpus-003-dry-run-test,dry-run-test,FF-N01,integrity,src/auth-google#presentation,module,presentation,valid,pass,0.886667,0.009428,false,3,3,0,3,true,0,JC-N01-DUP,"Both files deal with one concern: Google social login at the presentation layer. AuthGoogleModule declares AuthGoogleController and provides AuthGoogleService. The controller does no work of its own. It hands token-to-profile resolution to AuthGoogleService.getProfileByToken and the shared social-login rules to AuthService.validateSocialLogin. No rule or invariant is repeated in either file, and neither file goes around the module's abstractions. The module imports AuthModule, which is how AuthService gets injected, so the controller's dependency on it is properly declared.",
e7-corpus-003-dry-run-test,dry-run-test,FF-N01,integrity,src/auth/strategies/types,module,infrastructure,valid,pass,0.880000,0.000000,false,3,3,0,3,true,0,JC-N01-SPLIT;JC-N01-DUP;JC-N01-BYPASS,"Both files cover one concern: the shapes of decoded JWT payloads that the auth strategies use. jwt-payload.type.ts defines the access-token payload (JwtPayloadType). jwt-refresh-payload.type.ts defines the refresh-token payload (JwtRefreshPayloadType). Both build their fields from the domain types instead of redefining them. They use Session['id'] and Session['hash'], and Pick<User, 'id' | 'role'>, so the field types stay defined in one place. Both types repeat the standard JWT claims `iat: number; exp: number;`. These are just two standard JWT fields, not a business rule or invariant, so the repetition is too small to count as duplication under the rubric. The files don't split into unrelated concerns, and they don't bypass any of the module's own abstractions.",
e7-corpus-003-dry-run-test,dry-run-test,FF-N01,integrity,src/database/seeds/document,module,presentation,valid,pass,0.860000,0.014142,false,3,3,0,3,true,1,JC-N01-SPLIT;JC-N01-DUP;JC-N01-BYPASS,"This unit has a single file, src/database/seeds/document/seed.module.ts. It declares one NestJS module, SeedModule, and that module has one job: setting up the document (Mongoose) seeding run. It imports UserSeedModule, loads the global config (databaseConfig and appConfig) and connects to Mongoose through the shared MongooseConfigService. It doesn't copy the connection setup inline, and it doesn't restate any rule or invariant that already lives elsewhere. It also stays within the module's own abstractions, because it reuses the existing config factories and the config service. I found no split into unrelated concerns, no duplicated rule and no bypass.",
e7-corpus-003-dry-run-test,dry-run-test,FF-N01,integrity,src/database/seeds/document/user#presentation,module,presentation,valid,pass,0.910000,0.014142,false,3,3,0,3,true,0,JC-N01-DUP;JC-N01-BYPASS,"The unit is a single file, user-seed.module.ts. It declares one NestJS module, UserSeedModule. That module does one job: it registers the Mongoose User schema with MongooseModule.forFeature, then provides and exports UserSeedService. This is ordinary wiring for a NestJS seed module. The file holds no business rules or invariants that could be duplicated. It uses the existing UserSchemaClass and UserSchema exports rather than redefining the schema, so it doesn't bypass any abstraction. Whether a seed module should reach into users/infrastructure is an import-direction question, which is out of scope here.",
e7-corpus-003-dry-run-test,dry-run-test,FF-N01,integrity,src/files/infrastructure/persistence,module,infrastructure,valid,pass,0.930000,0.000000,false,3,3,0,3,true,0,JC-N01-DUP,"The unit is a single file, src/files/infrastructure/persistence/file.repository.ts. It declares one abstract class, FileRepository, which acts as the persistence port for the File aggregate. It has three methods: create, findById and findByIds. All three are written in terms of the domain FileType and the shared NullableType utility. The file covers one concern (persisting and fetching files) and contains no logic, so no rule or invariant is repeated here. It also doesn't go around any abstraction: the document and relational adapters implement it, and the services and uploaders receive it through constructor injection, which is how the abstraction is meant to be used. Import direction is out of scope.",
e7-corpus-003-dry-run-test,dry-run-test,FF-N01,integrity,src/files/infrastructure/persistence/relational/entities,module,domain,valid,pass,0.910000,0.014142,false,3,3,0,3,true,2,JC-N01-DUP;JC-N01-BYPASS,"This unit has only one file, file.entity.ts. That file declares a single TypeORM persistence entity, FileEntity, which maps to the 'file' table and has two columns: a uuid primary key (id) and path. It handles one concern, relational persistence mapping, and builds on the shared base class EntityRelationalHelper instead of working around it. Nothing in it repeats a rule or invariant, and it holds no logic or abstraction that belongs elsewhere. The layer classification is a little odd: the path matches the domain pattern **/*.entity.ts, but the file sits under infrastructure/persistence. Layer and import-direction questions are out of scope for this rule, though.",
e7-corpus-003-dry-run-test,dry-run-test,FF-N01,integrity,src/home#application,module,application,valid,pass,0.936667,0.009428,false,3,3,0,3,true,0,JC-N01-SPLIT;JC-N01-DUP,"The unit is a single file, src/home/home.service.ts, and it handles one concern: returning application info for the home endpoint. It reads configuration through the typed ConfigService<AllConfigType> abstraction using infer: true. It does not read process.env directly, it does not repeat any rule or invariant, and it has no unrelated responsibilities. The module is cohesive and uses its abstractions consistently.",
e7-corpus-003-dry-run-test,dry-run-test,FF-N01,integrity,src/mailer#application,module,application,valid,pass,0.850000,0.000000,false,3,3,0,3,true,0,JC-N01-SPLIT;JC-N01-DUP;JC-N01-BYPASS,"The unit is a single file, src/mailer/mailer.service.ts, and it handles one concern: sending email. It sets up a nodemailer transporter from the mail.* config keys, optionally turns a Handlebars template into HTML, and fills in a default sender. Template rendering and the default sender are both part of preparing an outgoing message, so the file does not split into unrelated concerns. Each rule lives in one place: the transport settings are read once in the constructor, and the default sender and HTML fallback are each decided once in sendMail. The service always sends through its own transporter field and never works around it. Because the unit has only one file, there is no second file where a rule could be duplicated.",
e7-corpus-003-dry-run-test,dry-run-test,FF-N01,integrity,src/roles/domain,module,domain,valid,pass,0.746667,0.037712,false,3,3,0,3,true,2,JC-N01-SPLIT;JC-N01-DUP;JC-N01-BYPASS,"The unit has one file, src/roles/domain/role.ts, and it covers one concern: the Role domain shape, with an `id` and an optional `name`. Nothing in the file splits into unrelated concerns, and no rule within the unit is defined twice. The module has no other abstractions inside it that this file could bypass. The `idType` derivation reads `databaseConfig().isDocumentDatabase` to pick String or Number. Other domain classes may repeat that pattern, but those classes are outside this unit, so the material provided can't show duplication. Two possible concerns belong to layer or dependency checks, which are out of scope here: the domain file uses framework decorators (`@ApiProperty`, `@Allow`), and it imports database config.",
e7-corpus-003-dry-run-test,dry-run-test,FF-N01,integrity,src/roles/infrastructure/persistence/relational/entities,module,domain,valid,pass,0.910000,0.014142,false,3,3,0,3,true,2,JC-N01-DUP;JC-N01-BYPASS,"The unit has one file, role.entity.ts. It declares one TypeORM persistence entity, RoleEntity, for the 'role' table. It extends the shared base EntityRelationalHelper, which is the same abstraction other relational entities use. The file has one concern and no duplicated rule or invariant. It doesn't bypass any abstraction of its own module. The file is labelled as the domain layer even though it lives under infrastructure/persistence, but that's a layer-classification question and out of scope here.",
e7-corpus-003-dry-run-test,dry-run-test,FF-N01,integrity,src/session/infrastructure/persistence/document,module,presentation,valid,pass,0.900000,0.000000,false,3,3,0,3,true,0,JC-N01-DUP,"The unit has a single file, a NestJS module that wires up document (Mongoose) persistence for sessions. It registers the Session schema with MongooseModule.forFeature and binds the abstract SessionRepository port to the SessionDocumentRepository implementation. It exports only that abstraction. This is one cohesive concern, and it goes through the module's own abstraction: consumers get the abstract SessionRepository token rather than the concrete class. The file repeats no rule or invariant. Import direction and layer classification are out of scope.",
e7-corpus-003-dry-run-test,dry-run-test,FF-N01,integrity,src/session/infrastructure/persistence/document/repositories,module,infrastructure,valid,pass,0.830000,0.014142,false,3,3,0,3,true,0,JC-N01-DUP,"This unit is a single file with one class, SessionDocumentRepository, which implements the SessionRepository port on top of Mongoose. Every method deals with storing sessions (find, create, update, update by hash, and the three delete methods), so the file covers one concern. The module's own abstractions are used consistently: all conversions between documents and the domain go through SessionMapper.toDomain/toPersistence, and all queries go through the injected Model<SessionSchemaClass>. Two small points do not amount to a violation. First, the list of fields that cannot be changed (id, createdAt, updatedAt, deletedAt) appears twice: once as the delete statements in update() and once in the Omit type in updateByHash(). Both are in the same file and follow the shape of the port contract, so this is not a rule copied across files. Second, updateByHash() writes { hash: payload.hash } directly to the model instead of passing it through the mapper. That only changes the value of a field the schema and the domain share, so it does not get around the mapping layer for domain-to-document conversion. The result is still mapped back through SessionMapper.toDomain.",
e7-corpus-003-dry-run-test,dry-run-test,FF-N01,integrity,src/session/infrastructure/persistence/relational,module,presentation,valid,pass,0.920000,0.000000,false,3,3,0,3,true,0,JC-N01-DUP;JC-N01-BYPASS,"The unit has one file, a NestJS module that wires up relational persistence for sessions. It registers SessionEntity with TypeOrmModule.forFeature and binds the abstract SessionRepository port to the concrete SessionRelationalRepository. It exports only the abstract port, so consumers depend on the module's abstraction and not on the concrete class. The file covers a single concern, has no duplicated rules or invariants, and does not bypass any abstraction.",
e7-corpus-003-dry-run-test,dry-run-test,FF-N01,integrity,src/session/infrastructure/persistence/relational/entities,module,domain,valid,pass,0.900000,0.000000,false,3,3,0,3,true,0,JC-N01-SPLIT;JC-N01-DUP,"The unit has one file, session.entity.ts, which declares one TypeORM persistence entity, SessionEntity. It does one job: it maps the 'session' table. It extends the shared EntityRelationalHelper base class, as relational entities in this project normally do, so it uses the module's own abstraction instead of going around it. It keeps no rule or invariant that could be duplicated, because it holds only column and relation mappings. It uses UserEntity only to declare a ManyToOne relation, which is ordinary entity-to-entity mapping and does not mix in a second concern. The layer model labels this path as 'domain' because of the **/*.entity.ts pattern, even though the file sits under infrastructure/persistence. That is a layer-classification question, which is out of scope for this rule.",
e7-corpus-003-dry-run-test,dry-run-test,FF-N01,integrity,src/users#application,module,application,valid,fail,0.713333,0.073636,false,3,3,3,0,true,0,JC-N01-DUP,"The unit is one file, src/users/users.service.ts. It covers one concern, user management, and consistently uses its own repository and FilesService. However, create() and update() each contain their own inline copy of the same five rules: password hashing, email uniqueness, photo existence, role-enum membership and status-enum membership. Each copy builds the same UnprocessableEntityException payload. These rules should each live in one place. The copies have already drifted apart. In create(), any existing user with the email is a conflict. In update(), the conflict check is skipped when the existing user is the same user (userObject.id !== id). update() also adds a password check that create() lacks: it compares the stored hash to the plaintext DTO password before re-hashing. This shows that the duplicated invariants are diverging, which is the failure the rubric describes.","Role and status enum-membership validation (RoleEnum/StatusEnum `.map(String).includes(...)` plus the 'roleNotExists'/'statusNotExists' exceptions) is written out in full in both create() and update() instead of in one shared validator. | The photo-existence rule (filesService.findById plus the 'imageNotExists' exception and null handling) is duplicated across create() and update(). | Password hashing (bcrypt.genSalt/bcrypt.hash) and the email-uniqueness check ('emailAlreadyExists') are each implemented twice, and the copies have drifted: update() excludes the same user and adds a hash-vs-plaintext comparison that create() does not have. Each rule should live in one place."
e7-corpus-003-dry-run-test,dry-run-test,FF-N01,integrity,src/users/infrastructure/persistence,module,infrastructure,valid,pass,0.886667,0.009428,false,3,3,0,3,true,2,JC-N01-DUP,"This unit is a single file that declares one abstract class, UserRepository. The class is the persistence port for the User aggregate. All of its members deal with one concern: storing and fetching User entities. It uses the domain abstraction (User, User['id'] and similar) the same way throughout. It holds no implementation logic, so no rule or invariant is repeated, and it does not route around any of the module's own abstractions. The document and relational repositories both implement it, and UsersService injects it, so it works as the module's single contract. It does use FilterUserDto and SortUserDto from the application DTOs, but that is a layer-dependency question, which is out of scope here.",
e7-corpus-003-dry-run-test,dry-run-test,FF-N01,integrity,src/users/infrastructure/persistence/document/repositories,module,infrastructure,valid,pass,0.873333,0.009428,false,3,3,0,3,true,1,JC-N01-SPLIT;JC-N01-DUP;JC-N01-BYPASS,"The unit has one file, user.repository.ts, which declares one class, UsersDocumentRepository. That class implements the UserRepository port for MongoDB persistence, so the module covers one concern: storing and loading User aggregates through the Mongoose model. Every method converts between storage and domain shapes with the module's own UserMapper (toPersistence/toDomain) and never maps objects by hand, so the abstraction is used consistently. The id-to-_id translation and the null-guard lookups are written inline in a few methods. This is normal repository work and does not duplicate a domain invariant that belongs elsewhere. The update method rebuilds the full domain object from the stored document and the payload, then runs it back through the mapper, so the mapping rule stays in one place. I found no split concerns, no duplicated invariant and no bypass of the module's abstractions.",
e7-corpus-003-dry-run-test,dry-run-test,FF-N01,integrity,src/users/infrastructure/persistence/relational/entities,module,domain,valid,pass,0.886667,0.009428,false,3,3,0,3,true,1,JC-N01-SPLIT;JC-N01-DUP;JC-N01-BYPASS,"This module has a single file, user.entity.ts, and it covers one concern: the TypeORM mapping for the 'user' table. It declares one class, UserEntity, which extends the project's shared EntityRelationalHelper base class, so it uses the project's own persistence abstraction instead of going around it. Its relations point at the matching relational entity classes from the files, roles and statuses modules (FileEntity, RoleEntity, StatusEntity), so the abstraction stays the same throughout. The default value for the provider column comes from AuthProvidersEnum.email rather than a repeated literal, so that rule lives in one place. Nothing is split across unrelated concerns, nothing is duplicated, and no abstraction is bypassed. The file is matched to the domain layer even though it sits under infrastructure, but that is a layer-mapping question and out of scope here.",
e7-corpus-003-dry-run-test,dry-run-test,FF-N02,semantic,src/app.module.ts,file,presentation,valid,pass,0.713333,0.009428,false,3,3,0,3,true,0,JC-N02-PERSISTENCE;JC-N02-TRANSPORT;JC-N02-FRAMEWORK;JC-N02-BUSINESS,"src/app.module.ts falls under the presentation layer because of the **/*.module.ts pattern. In NestJS, module files are where the app is wired together. This file is the root module: it imports feature modules, registers config loaders, sets up i18n and picks which database module to load. It has no business rules, no domain logic and no request handling. The one part that touches persistence is the `infrastructureDatabaseModule` block, which uses `isDocumentDatabase` to choose between `MongooseModule.forRootAsync` and `TypeOrmModule.forRootAsync`. That block hands the real setup to `MongooseConfigService` or `TypeOrmConfigService`, and its `dataSourceFactory` is the standard one-line `new DataSource(options).initialize()`. This is how the framework registers modules, not repository or query code, so it belongs in a module file. The rubric's Fail examples are business rules in presentation or infrastructure, or persistence or framework logic in domain. Neither applies here, so the file's responsibilities fit the role a module file plays in the presentation layer. Confidence is moderate, because a stricter reading could call the database-selection block infrastructure configuration.",
e7-corpus-003-dry-run-test,dry-run-test,FF-N02,semantic,src/auth-facebook/auth-facebook.module.ts,file,presentation,valid,pass,0.930000,0.000000,false,3,3,0,3,true,0,JC-N02-PERSISTENCE;JC-N02-TRANSPORT;JC-N02-FRAMEWORK;JC-N02-BUSINESS,"The file is a NestJS @Module declaration and does only module wiring: it lists the modules it imports, its providers, its exports and its controllers. This composition and wiring role fits the presentation layer, which the layer model assigns to **/*.module.ts. The file contains no business rules, persistence logic or transport handling.",
e7-corpus-003-dry-run-test,dry-run-test,FF-N02,semantic,src/auth/auth.service.ts,file,application,valid,fail,0.640000,0.043205,false,3,3,3,0,true,2,JC-N02-TRANSPORT;JC-N02-FRAMEWORK;JC-N02-BUSINESS,"AuthService is declared application-layer. Its use-case orchestration fits that role: login, social login, registration, email confirmation, password reset, profile update and token refresh, all done by calling UsersService, SessionService and MailService. But the file also builds HTTP transport responses throughout. It throws UnprocessableEntityException, NotFoundException and UnauthorizedException from @nestjs/common, and puts explicit HTTP status codes (HttpStatus.UNPROCESSABLE_ENTITY, HttpStatus.NOT_FOUND) inside the error bodies. Mapping errors to HTTP status codes and response shapes is a presentation/transport job. It is also inline low-level infrastructure work: password checks with bcrypt.compare, session-hash creation with crypto.createHash('sha256').update(randomStringGenerator()).digest('hex'), and direct JWT signing and verifying with secrets read from ConfigService (getTokensData, register, confirmEmail, forgotPassword, resetPassword, update). These belong behind infrastructure ports (password hasher, token issuer). The HTTP coupling is the clearest misplaced responsibility, so the unit fails.","Transport concern in the application layer: methods such as validateLogin, validateSocialLogin, confirmEmail, confirmNewEmail, forgotPassword, resetPassword, update and refreshToken throw NestJS HTTP exceptions (UnprocessableEntityException, NotFoundException, UnauthorizedException) with HttpStatus codes embedded in the payloads. Mapping errors to HTTP is a presentation/transport job. | Infrastructure concern in the application layer: bcrypt.compare password checks (validateLogin, update), crypto.createHash('sha256') session-hash creation (validateLogin, validateSocialLogin, refreshToken), and direct JWT signing/verifying with config-held secrets (getTokensData, register, confirmEmail, confirmNewEmail, forgotPassword, resetPassword, update). These belong behind infrastructure adapters."
e7-corpus-003-dry-run-test,dry-run-test,FF-N02,semantic,src/auth/dto/auth-reset-password.dto.ts,file,application,valid,pass,0.883333,0.023570,false,3,3,0,3,true,0,JC-N02-PERSISTENCE;JC-N02-TRANSPORT;JC-N02-FRAMEWORK;JC-N02-BUSINESS,"The file is a DTO in the application layer. It only declares the shape of the input (password, hash) and adds the usual input-validation and API-documentation decorators. It contains no persistence, transport handling, framework logic or business rules beyond declaring the input contract. In NestJS, DTO classes with Swagger and class-validator decorators are the normal way to write application-layer input contracts.",
e7-corpus-003-dry-run-test,dry-run-test,FF-N02,semantic,src/auth/strategies/types/jwt-refresh-payload.type.ts,file,infrastructure,valid,pass,0.893333,0.009428,false,3,3,0,3,true,0,JC-N02-PERSISTENCE;JC-N02-TRANSPORT;JC-N02-BUSINESS,"This file only declares a type for the JWT refresh-token payload. It has sessionId, hash, iat and exp, and the first two are taken from the Session domain type. That matches its place under strategies/ in the infrastructure layer, because it describes the transport/auth token structure that the Passport JWT refresh strategy uses. The file has no business rules, no persistence logic and no presentation logic, so every responsibility it has belongs to the infrastructure layer. The import from the domain layer is a dependency-direction question, which is out of scope for this rule.",
e7-corpus-003-dry-run-test,dry-run-test,FF-N02,semantic,src/files/infrastructure/persistence/document/repositories/file.repository.ts,file,infrastructure,valid,pass,0.950000,0.000000,false,3,3,0,3,true,0,JC-N02-PERSISTENCE;JC-N02-TRANSPORT;JC-N02-BUSINESS,"The file sits in the infrastructure layer (it matches **/*.repository.ts and an infrastructure path). Everything it does is persistence work. It adapts a Mongoose Model to the FileRepository port. In create, findById and findByIds it saves documents, runs queries and maps the results to the domain FileType through FileMapper. It contains no business rules, validation, policy decisions, transport handling or presentation logic. All of its responsibilities fit an infrastructure repository adapter.",
e7-corpus-003-dry-run-test,dry-run-test,FF-N02,semantic,src/files/infrastructure/persistence/relational/entities/file.entity.ts,file,domain,valid,fail,0.800000,0.000000,false,3,3,3,0,true,0,JC-N02-PERSISTENCE;JC-N02-FRAMEWORK;JC-N02-BUSINESS,"The file is declared domain because its name matches the **/*.entity.ts pattern. Its only job, though, is a TypeORM table mapping. `@Entity({ name: 'file' })` maps the class to a database table. `@PrimaryGeneratedColumn('uuid')` and `@Column()` define the database schema. The class also extends `EntityRelationalHelper`, a helper for relational storage. That is persistence, which belongs to the infrastructure layer. The file holds no domain behaviour or business rules. Its path (src/files/infrastructure/persistence/relational/entities) shows it is meant as an infrastructure persistence model. The files that use it, a repository, a mapper and the persistence module, support that. Judged against its declared domain layer, it holds a misplaced persistence responsibility. The likely fix is to classify it as infrastructure; it does not need to be rewritten.","`FileEntity` is declared domain but does persistence work. `@Entity({ name: 'file' })`, `@PrimaryGeneratedColumn('uuid')` and `@Column()` define a database table, and the class extends the relational helper `EntityRelationalHelper`. This belongs to the infrastructure layer, not domain."
e7-corpus-003-dry-run-test,dry-run-test,FF-N02,semantic,src/files/infrastructure/uploader/local/files.module.ts,file,presentation,valid,fail,0.600000,0.000000,false,3,3,3,0,true,0,JC-N02-PERSISTENCE;JC-N02-FRAMEWORK;JC-N02-BUSINESS,"This file is declared presentation because it matches **/*.module.ts. A Nest module can fairly act as a composition root that wires infrastructure, so this could be read as framework wiring. But inside the MulterModule.registerAsync useFactory, the file writes three behaviours inline instead of delegating them: (1) a fileFilter that sets which file types may be uploaded (jpg/jpeg/png/gif only) and rejects others with an UnprocessableEntityException. This is an upload policy or business rule, which belongs in the application or domain layer, or in a dedicated validator. (2) diskStorage with a hardcoded destination './files'. This is persistence and storage logic, which belongs in an infrastructure adapter. (3) The diskStorage filename callback, which builds stored file names from randomStringGenerator() and the lower-cased original extension. This is also storage logic for the infrastructure layer. The module also picks the persistence module at load time by calling databaseConfig().isDocumentDatabase. That is acceptable wiring. The inline policy and storage code is not, so the file holds responsibilities from more than one layer.","The fileFilter in MulterModule.registerAsync useFactory puts the allowed upload file types (jpg/jpeg/png/gif) and the rejection policy inline in a presentation module. This upload rule belongs in the application or domain layer, or in a dedicated validator. | diskStorage({ destination: './files', filename: ... }) puts local disk persistence and file-naming logic inline in a presentation module. This storage logic belongs in an infrastructure adapter."
e7-corpus-003-dry-run-test,dry-run-test,FF-N02,semantic,src/files/infrastructure/uploader/local/files.service.ts,file,application,valid,fail,0.600000,0.000000,false,3,3,2,1,true,0,JC-N02-PERSISTENCE;JC-N02-TRANSPORT;JC-N02-FRAMEWORK,"The file is declared as an application-layer service because it matches **/*.service.ts. Some of what it does fits that layer: it checks that a file was supplied and it persists the record through FileRepository. But it also handles HTTP transport work that belongs to the presentation layer. It builds an HTTP error response with a status code and an error body. It takes the Express/Multer upload object as its input type. It also builds a public URL from the configured API prefix and the API version. Because these transport and framework concerns sit inside an application-layer unit, the rule fails. Confidence is moderate because putting HTTP exceptions in services is a common NestJS habit.","FilesLocalService.create() throws UnprocessableEntityException with HttpStatus.UNPROCESSABLE_ENTITY and an HTTP error body. Building an HTTP response belongs to the presentation layer, not this application-layer service. | FilesLocalService.create() takes an Express.Multer.File and builds the stored path from the API prefix and '/v1/' (`/${apiPrefix}/v1/${file.path}`). Handling the framework upload object and building routing URLs are transport concerns that belong to the presentation layer."
e7-corpus-003-dry-run-test,dry-run-test,FF-N02,semantic,src/mailer/mailer.service.ts,file,application,valid,fail,0.816667,0.023570,false,3,3,3,0,true,1,JC-N02-TRANSPORT,"src/mailer/mailer.service.ts is placed in the application layer because of its *.service.ts suffix, but it contains no use-case or orchestration logic. It works only as a technical adapter. It builds and owns an SMTP transport with nodemailer, configured from the connection settings (host, port, TLS and auth credentials). It reads template files from disk with node:fs/promises, compiles them with Handlebars, and sends mail over SMTP. Talking to an external transport, reading the file system and rendering templates are infrastructure work. The application-level orchestration lives in MailService (src/mail/mail.service.ts), which injects this class as a dependency. So this file takes on infrastructure work while declared as application.","MailerService is declared as application layer but does infrastructure work. Its constructor sets up the SMTP transport (nodemailer.createTransport with host, port, TLS and auth settings). sendMail reads from the file system (fs.readFile), renders templates (Handlebars.compile) and sends over SMTP (transporter.sendMail). These belong in an infrastructure adapter, for example src/infrastructure/mailer, behind a port that the application layer uses."
e7-corpus-003-dry-run-test,dry-run-test,FF-N02,semantic,src/roles/infrastructure/persistence/relational/entities/role.entity.ts,file,domain,valid,fail,0.773333,0.037712,false,3,3,3,0,true,0,JC-N02-PERSISTENCE;JC-N02-FRAMEWORK,"The file is assigned to the domain layer because it matches the **/*.entity.ts pattern. Everything it does is relational persistence mapping, though. The RoleEntity class is a TypeORM ORM model: it maps to a table, defines its columns and extends a relational helper. A domain file should not carry persistence or framework concerns, so the file fails the rubric as written. The file's path (src/roles/infrastructure/persistence/relational/entities/) shows it was meant to be infrastructure, so the likely cause is a wrong layer assignment from the *.entity.ts pattern. The usual fix is to reclassify the file as infrastructure, or to narrow the domain pattern so it skips infrastructure/persistence paths. Rewriting the file is probably not needed.","The class RoleEntity is declared in the domain layer but carries TypeORM persistence mapping (@Entity({ name: 'role' }), @PrimaryColumn id, @Column name, extends EntityRelationalHelper). That responsibility belongs to the infrastructure layer kind. Reclassify the file as infrastructure, or keep a framework-free domain Role model separate from this ORM entity."
e7-corpus-003-dry-run-test,dry-run-test,FF-N02,semantic,src/session/infrastructure/persistence/relational/repositories/session.repository.ts,file,infrastructure,valid,pass,0.900000,0.000000,false,3,3,0,3,true,0,JC-N02-PERSISTENCE;JC-N02-TRANSPORT;JC-N02-BUSINESS,"The file passes. SessionRelationalRepository is an infrastructure persistence adapter. It implements the SessionRepository port, and its only job is persistence: it runs TypeORM queries (findOne, save, create, update, softDelete) and uses SessionMapper to convert between persistence entities and domain objects. It holds no transport, presentation or business-rule logic. Two things looked like possible rule violations, but neither is one. In updateByHash, the hash condition and the check on `affected` are persistence-level concurrency checks. In update, throwing 'Session not found' is a lookup guard, not a domain policy. Both fit the infrastructure role.",
e7-corpus-003-dry-run-test,dry-run-test,FF-N02,semantic,src/session/infrastructure/persistence/session.repository.ts,file,infrastructure,valid,pass,0.866667,0.023570,false,3,3,0,3,true,0,JC-N02-PERSISTENCE;JC-N02-TRANSPORT;JC-N02-FRAMEWORK;JC-N02-BUSINESS,"This file is an abstract repository class. It only declares persistence operations on Session: finding, creating, updating, updating by hash and deleting. It has no implementation and no business rules, and it contains no transport or framework logic. A persistence contract like this belongs in the infrastructure layer. Some designs put this kind of port in the domain or application layer instead, but having it in infrastructure does not give the file a responsibility from another layer kind. Import direction is out of scope for this rule.",
e7-corpus-003-dry-run-test,dry-run-test,FF-N02,semantic,src/statuses/infrastructure/persistence/relational/entities/status.entity.ts,file,domain,valid,fail,0.800000,0.040825,false,3,3,3,0,true,0,JC-N02-PERSISTENCE;JC-N02-FRAMEWORK;JC-N02-BUSINESS,"The file is declared domain only because it matches the `**/*.entity.ts` pattern. Its only responsibility is mapping to a relational table with TypeORM: `@Entity({ name: 'status' })` names the table, `@PrimaryColumn` and `@Column` map the columns, and the class extends `EntityRelationalHelper`, a relational persistence helper. It holds no business rules or domain behaviour. Persistence mapping belongs to the infrastructure layer. The path (`infrastructure/persistence/relational/entities`) also suggests the layer model may be classifying this file wrongly. Judged against its declared domain layer, the file carries persistence work, so it fails.","Class StatusEntity is declared domain but carries persistence work: `@Entity({ name: 'status' })`, `@PrimaryColumn()`/`@Column()` TypeORM mappings, and it extends EntityRelationalHelper. This belongs to the infrastructure layer, not the domain layer."
e7-corpus-003-dry-run-test,dry-run-test,FF-N02,semantic,src/users/domain/user.ts,file,domain,valid,fail,0.850000,0.000000,false,3,3,3,0,true,0,JC-N02-PERSISTENCE;JC-N02-TRANSPORT;JC-N02-FRAMEWORK,"src/users/domain/user.ts is declared as a domain file, but it does work that belongs to other layers. When the module loads, it reads the database configuration (databaseConfig().isDocumentDatabase) to choose the id type, which is a persistence/infrastructure concern. Every field also carries Swagger @ApiProperty metadata, which is transport/API documentation for the presentation layer. It also uses class-transformer @Expose/@Exclude with response groups ('me', 'admin'), which is presentation logic: it decides which fields go into API responses for each audience. A domain entity should hold domain state and rules without depending on the database driver or HTTP serialization.","The module-level `idType` statement calls databaseConfig() and branches on isDocumentDatabase. This puts persistence/infrastructure configuration logic in the domain entity. | The User class fields carry @ApiProperty Swagger decorators, which are presentation/transport API-documentation metadata, inside the domain layer. | The User class uses class-transformer @Expose({ groups: ['me','admin'] }) and @Exclude({ toPlainOnly: true }) to control response serialization. This is a presentation concern inside the domain entity."
e7-corpus-003-dry-run-test,dry-run-test,FF-N02,semantic,src/users/dto/user.dto.ts,file,application,valid,pass,0.856667,0.032998,false,3,3,0,3,true,0,JC-N02-PERSISTENCE;JC-N02-TRANSPORT;JC-N02-FRAMEWORK;JC-N02-BUSINESS,"src/users/dto/user.dto.ts holds one DTO, UserDto. It has a single `id` field with a Swagger @ApiProperty annotation and a class-validator @IsNotEmpty constraint. That is a plain data contract with input validation, which is the normal job of a DTO in the application layer. The file has no persistence code, no transport handling, no business rules and no framework wiring. Declarative Swagger and validation annotations are the usual way NestJS DTOs are written, and they don't add a responsibility from another layer.",
e7-corpus-003-dry-run-test,dry-run-test,FF-N02,semantic,src/users/infrastructure/persistence/relational/entities/user.entity.ts,file,domain,valid,fail,0.833333,0.023570,false,3,3,3,0,true,0,JC-N02-PERSISTENCE;JC-N02-FRAMEWORK,"The file is assigned to the domain layer because it matches the `**/*.entity.ts` pattern. Its content is entirely relational persistence mapping. The `UserEntity` class is a TypeORM table mapping: it declares the table name, columns, indexes, relations with eager loading and join columns, and soft-delete and timestamp columns. It also extends `EntityRelationalHelper`. This is persistence logic, which belongs to the infrastructure layer, not domain. The file's path (`src/users/infrastructure/persistence/relational/...`) and the mappers that convert it to a domain model confirm it is an infrastructure persistence model. Under the declared domain layer, this is a misplaced persistence responsibility. The root cause is probably that the `**/*.entity.ts` pattern classifies this file wrongly. Either way, measured against the domain role, the file fails.","`UserEntity` is declared in the domain layer but is a TypeORM persistence mapping. It uses `@Entity({ name: 'user' })`, `@Column`, `@Index`, `@ManyToOne` and `@OneToOne` with `eager`, `@JoinColumn`, the `@CreateDateColumn`/`@UpdateDateColumn`/`@DeleteDateColumn` decorators, and `extends EntityRelationalHelper`. These are table, column and relation mapping concerns that belong to the infrastructure (persistence) layer, not domain."
e7-corpus-003-dry-run-test,dry-run-test,FF-N02,semantic,src/users/infrastructure/persistence/relational/relational-persistence.module.ts,file,presentation,valid,pass,0.680000,0.043205,false,3,3,0,3,true,1,JC-N02-PERSISTENCE;JC-N02-TRANSPORT;JC-N02-FRAMEWORK;JC-N02-BUSINESS,"The file is assigned to the presentation layer by the **/*.module.ts pattern. In this layer model, NestJS module files are where dependency-injection wiring lives. RelationalUserPersistenceModule only declares that wiring: it registers UserEntity with TypeOrmModule.forFeature, binds the abstract UserRepository token to the UsersRelationalRepository class, and exports that token. The file contains no business rules, no query or persistence logic, and no request or transport handling. The real persistence work stays in the repository classes, which are in the infrastructure layer. The folder path is under infrastructure/persistence, but the declared layer comes from the *.module.ts pattern, and the module wiring fits the role the model gives to module files. No ADR prose was provided to contradict this.",
e7-corpus-003-dry-run-test,dry-run-test,FF-N02,semantic,src/users/infrastructure/persistence/relational/repositories/user.repository.ts,file,infrastructure,valid,pass,0.880000,0.000000,false,3,3,0,3,true,0,JC-N02-PERSISTENCE;JC-N02-TRANSPORT;JC-N02-BUSINESS,"This file is a TypeORM repository adapter in the infrastructure layer. Every method handles persistence. Each one builds TypeORM query options (where, skip/take, order, In), calls the TypeORM Repository (find, findOne, save, create, softDelete) and maps between the persistence entity and the domain model through UserMapper. The pagination offset math, the role filter and the sort-order reduce turn query parameters into a database query, which is normal infrastructure work. The early null returns in findByEmail and findBySocialIdAndProvider are defensive guards, not business rules. The 'User not found' error in update is a basic persistence failure, not a domain decision. The file has no transport, presentation or business-rule logic.",
e7-corpus-003-dry-run-test,dry-run-test,FF-N02,semantic,src/utils/serializer.interceptor.ts,file,presentation,valid,pass,0.916667,0.012472,false,3,3,0,3,true,0,JC-N02-PERSISTENCE;JC-N02-TRANSPORT;JC-N02-FRAMEWORK;JC-N02-BUSINESS,"The file is a NestJS interceptor. Its layer is presentation, matched by the **/*.interceptor.ts pattern. It does one thing: it takes the response observable in intercept() and resolves any nested promises before the response is serialized. That is response-pipeline and framework work, which belongs in presentation. There are no business rules, no persistence and no domain logic in it.",
e7-corpus-001-ghostfolio-test,ghostfolio-test,FF-N01,integrity,src/app/access#presentation,module,presentation,valid,fail,0.606667,0.009428,false,3,3,3,0,true,1,JC-N01-DUP,"The module is about one concern: access grants. access.module.ts wires AccessController and AccessService together with the Configuration and Prisma modules. The controller gets its data through AccessService (accesses, access, createAccess, deleteAccess, updateAccess), so Prisma is never used directly. The unit still fails the rubric's duplication criterion because two access policies are copied across handlers. (1) The subscription rule (ENABLE_FEATURE_SUBSCRIPTION && subscription.type === 'Basic' means 403) appears word for word in both createAccess and updateAccess. (2) The ownership rule (accessService.access({ id, userId: request.user.id }) and 403 if it is missing) is repeated in deleteAccess and updateAccess. These are domain or authorization rules that should each live in one place, such as a guard, a helper or a service method. Instead they are rebuilt in several controller methods, so changes to one copy may not reach the others. The judgment is moderately uncertain because the duplication is all inside one file and the pattern is common in NestJS controllers.","The subscription rule (ENABLE_FEATURE_SUBSCRIPTION && subscription.type === 'Basic' means 403 FORBIDDEN) is duplicated in createAccess and updateAccess instead of living in one place (for example a guard, a helper or a service method). | The ownership rule (accessService.access({ id, userId: request.user.id }) and 403 if missing) is duplicated in deleteAccess and updateAccess instead of being kept in one place, such as an AccessService method or a guard."
e7-corpus-001-ghostfolio-test,ghostfolio-test,FF-N01,integrity,src/app/admin/queue#presentation,module,presentation,valid,pass,0.806667,0.009428,false,3,3,0,3,true,2,JC-N01-SPLIT;JC-N01-DUP,"Both files deal with one thing: admin control over background job queues. queue.module.ts wires QueueController and QueueService together and imports the three queue modules (DataGatheringQueueModule, PortfolioSnapshotQueueModule, StatisticsGatheringQueueModule) that the service needs. queue.controller.ts exposes job endpoints under 'admin/queue' (deleteJobs, getJobs, deleteJob, executeJob). Every one of those endpoints passes its work to the injected QueueService, so the controller never goes around the module's own service to reach Bull queues directly. Every endpoint also uses the same permission check (@HasPermission(permissions.accessAdminControl) with AuthGuard('jwt') and HasPermissionGuard). Repeating these decorators on each method is normal NestJS practice, not a duplicated invariant. There is one small repeat: deleteJobs and getJobs both turn the status query string into a list with the same line, `filterByStatus?.split(',') as JobStatus[]`. It is trivial input parsing inside one controller, not a business rule split across files, so it doesn't amount to a cohesion failure.",
e7-corpus-001-ghostfolio-test,ghostfolio-test,FF-N01,integrity,src/app/endpoints/market-data,module,presentation,valid,pass,0.610000,0.009428,false,3,3,1,2,true,0,JC-N01-DUP;JC-N01-BYPASS,"Both files cover market-data endpoints. market-data.module.ts only wires up MarketDataController and the modules that supply the services it injects (AdminModule, MarketDataServiceModule, SymbolModule, SymbolProfileModule and the two TransformDataSource interceptor modules). It holds no logic. The controller has three handlers on the 'market-data' route: getMarketDataOfMarkets, getMarketDataBySymbol and updateMarketData. Each one passes the work to an injected service (symbolService.get, adminService.getMarketDataBySymbol, marketDataService.updateMany) and never reaches past the module's dependencies. The data-source interceptors and the jwt AuthGuard are used consistently. The controller checks permissions inline with hasPermission() and does not use the HasPermission decorator for the two symbol routes. That is justified because those checks depend on whether the asset profile belongs to the current user, which the guard can't express, so it doesn't bypass the module's tools. One weakness: getMarketDataBySymbol and updateMarketData repeat the same steps. Both call getSymbolProfiles([{ dataSource, symbol }]) and then run the check `!assetProfile && !isCurrency(getCurrencyFromSymbol(symbol))` → 404. A private helper would be cleaner. The repeat is two handlers in one file, the permission logic differs (read vs create+update), and the rule is not spread across files. So it doesn't amount to a failure.",
e7-corpus-001-ghostfolio-test,ghostfolio-test,FF-N01,integrity,src/app/endpoints/sitemap#application,module,application,valid,fail,0.600000,0.047140,false,3,3,2,1,true,0,JC-N01-DUP;JC-N01-BYPASS,"SitemapService covers one concern, building sitemap XML. However, the rule for turning a tagged route segment into translated text is written twice. createRouteSitemapUrl is the service's own way to do it: it matches TRANSLATION_TAGGED_MESSAGE_REGEX, calls i18nService.getTranslation and falls back to the original text (match.groups.message). getPersonalFinanceTools skips this and repeats the regex match and getTranslation call three times (resources, personal-finance-tools and product paths). It then passes the already-translated text into createRouteSitemapUrl, so that function's translation step does nothing. The copies don't have the fallback, so the two paths behave differently: if a translation is missing, the value is null and the later link.match call throws. This counts as a duplicated, inconsistent rule that should live in one place, so the unit fails, with moderate confidence. The file is otherwise cohesive, and the product segment adds an alias, so those paths can't be passed in unchanged.","getPersonalFinanceTools repeats the tagged-segment translation (TRANSLATION_TAGGED_MESSAGE_REGEX + i18nService.getTranslation) three times instead of using createRouteSitemapUrl, which already does it. The copies drop the '?? match.groups.message' fallback, so the same rule behaves differently in two places."
e7-corpus-001-ghostfolio-test,ghostfolio-test,FF-N01,integrity,src/app/logo#application,module,application,valid,pass,0.850000,0.000000,false,3,3,0,3,true,0,JC-N01-DUP;JC-N01-BYPASS,"The unit passes. It is a single file, src/app/logo/logo.service.ts, and it handles one concern: getting logo image buffers. Both public entry points send their work through the same private helper, getBuffer, so the favicon-provider URL, the User-Agent header and the timeout are each set in one place. The service gets asset profiles through the injected SymbolProfileService and the timeout through the injected ConfigurationService, so it does not bypass the module's own abstractions. The not-found HttpException is built twice in getLogoByDataSourceAndSymbol. That is a small local repetition of an error response, not a business rule or invariant duplicated across files, so it does not fail the rubric.",
e7-corpus-001-ghostfolio-test,ghostfolio-test,FF-N01,integrity,src/app/platform#application,module,application,valid,pass,0.886667,0.009428,false,3,3,0,3,true,0,JC-N01-SPLIT;JC-N01-DUP;JC-N01-BYPASS,"The unit has one file, src/app/platform/platform.service.ts, and it deals with a single concern: persisting the Platform entity. Its methods (createPlatform, deletePlatform, getPlatform, getPlatforms, getPlatformsWithAccountCount, updatePlatform) all work on Platform, and every one of them goes through the injected PrismaService (this.prismaService.platform). The file never sidesteps that abstraction and never mixes in unrelated concerns. No rule or invariant is repeated within the unit. The account-count mapping in getPlatformsWithAccountCount exists in only one place. The file passes the cohesion rubric.",
e7-corpus-001-ghostfolio-test,ghostfolio-test,FF-N01,integrity,src/app/redis-cache#application,module,application,valid,pass,0.806667,0.009428,false,3,3,0,3,true,0,JC-N01-SPLIT;JC-N01-DUP;JC-N01-BYPASS,"The unit has one file, src/app/redis-cache/redis-cache.service.ts, and it handles one concern: the application's Redis cache. It wraps the cache (get, set, remove, reset, getKeys), checks the cache's health (isHealthy) and builds cache keys (getPortfolioSnapshotKey, getQuoteKey). The file is consistent with its own abstractions. isHealthy goes through the service's own set/get/remove methods rather than calling the store directly. removePortfolioSnapshotsByUserId gets its key prefix from getPortfolioSnapshotKey instead of rebuilding the 'portfolio-snapshot-' string. The default-TTL rule lives in one place, inside set. Each key format (portfolio snapshot, quote) is also defined only once. This is the opposite of duplication: it gives the incoming callers one source of truth for key formats. Some might object that the key builders bring portfolio and quote knowledge into a generic cache service. But they are only about how cache keys are named, and keeping them together here adds to cohesion rather than splitting the module. getKeys reads the underlying Keyv client through its iterator because the Cache abstraction has no way to list keys. That fills a gap rather than bypassing the abstraction. I found no split, duplication or bypass.",
e7-corpus-001-ghostfolio-test,ghostfolio-test,FF-N01,integrity,src/app/redis-cache#presentation,module,presentation,valid,pass,0.860000,0.014142,false,3,3,0,3,true,2,JC-N01-DUP;JC-N01-BYPASS,"The unit has one file, src/app/redis-cache/redis-cache.module.ts, and it does one job: it wires up the Redis-backed cache. It registers CacheModule with a factory that builds the Keyv Redis store, then provides and exports RedisCacheService. Every setting (REDIS_PASSWORD, REDIS_HOST, REDIS_PORT, REDIS_DB, CACHE_TTL) is read through ConfigurationService rather than directly from process.env, so the module's own configuration abstraction is not bypassed. The Redis connection URL is built in one place only, inside the useFactory, so no rule or invariant is duplicated within this unit. Whether other modules rebuild the same URL can't be checked from the material provided. Layer and import direction are out of scope.",
e7-corpus-001-ghostfolio-test,ghostfolio-test,FF-N01,integrity,src/interceptors/performance-logging#presentation,module,presentation,valid,fail,0.613333,0.009428,false,3,3,3,0,true,0,JC-N01-DUP;JC-N01-BYPASS,"Both files deal with one concern, performance logging, but they don't use the module's own way of supplying the logging service consistently. PerformanceLoggingModule registers and exports PerformanceLoggingInterceptor and PerformanceLoggingService through Nest dependency injection, and the interceptor gets the service through its constructor. The LogPerformance decorator in the same file instead creates its own copy with `new PerformanceLoggingService()` on every call, so it never uses the module's instance. Any configuration or dependencies the module's copy gets won't reach decorated methods. The decorator is exported from this file, and five of its seven importers are not the module (four services and portfolio-calculator.ts), so the bypass is used widely. The timing and logging steps (startTime via performance.now(), then logPerformance with className, methodName and startTime) are also written out three times: once in intercept and twice in LogPerformance, in separate async and sync branches. There is no shared helper. A Nest decorator can't easily use the module's providers, so this is partly a practical workaround, which keeps confidence moderate. Under this rubric it still counts as bypassing the module's abstractions and duplicating its logic.","The LogPerformance decorator creates its own PerformanceLoggingService with `new PerformanceLoggingService()` on each call instead of using the instance PerformanceLoggingModule provides, which PerformanceLoggingInterceptor gets through its constructor. The file therefore uses two different ways to get the service. | The timing and logging steps (performance.now() for startTime, then logPerformance({ className, methodName, startTime })) are repeated in intercept and in both the async and sync branches of LogPerformance. They should be moved into one shared helper."
e7-corpus-001-ghostfolio-test,ghostfolio-test,FF-N01,integrity,src/interceptors/redact-values-in-response,module,presentation,valid,pass,0.853333,0.004714,false,3,3,0,3,true,0,JC-N01-DUP,"This module has one job: removing sensitive values from HTTP responses for viewers with restricted access. The interceptor file holds all of the logic. It does not write its own permission checks or redaction code. It calls the shared helpers `hasReadRestrictedAccessPermission`, `isRestrictedView` and `redactPaths`, and reads the shared constant `DEFAULT_REDACTED_PATHS`. So the rule for when and what to redact is defined in one place. The module file is an empty NestJS wrapper (`@Module({})`) that lets feature modules import this one. It adds no competing behaviour and goes around nothing. The rule is not broken: the module serves one concern, uses its abstractions consistently, and repeats no rule.",
e7-corpus-001-ghostfolio-test,ghostfolio-test,FF-N01,integrity,src/models,module,domain,valid,pass,0.833333,0.023570,false,3,3,0,3,true,0,JC-N01-SPLIT;JC-N01-DUP;JC-N01-BYPASS,"The unit has one file, src/models/rule.ts, which declares one abstract base class, Rule<T extends RuleSettings>. Every member serves one concern: the shared base for portfolio report rules. That covers rule identity (getKey), localization (getLanguageCode), the abstract evaluation methods (evaluate, getConfiguration, getName, getSettings) and a shared helper, groupCurrentHoldingsByAttribute. The incoming graph shows many rule subclasses extend Rule, so the grouping helper lives in this one base class rather than being copied into each rule. The file uses its own abstractions consistently: it implements RuleInterface<T> and returns EvaluationResult. It also delegates currency conversion to the injected exchangeRateDataService.toCurrency instead of computing conversions itself. Nothing in the file splits into unrelated concerns, duplicates a rule, or works around the module's abstractions. The domain-layer Rule depending on the application-layer ExchangeRateDataService is an import-direction question, which is out of scope here.",
e7-corpus-001-ghostfolio-test,ghostfolio-test,FF-N01,integrity,src/models/interfaces,module,domain,valid,pass,0.930000,0.000000,false,3,3,0,3,true,0,JC-N01-DUP,"Both files cover one concern: the contract for portfolio rules and the results they return. RuleInterface<T extends RuleSettings> says evaluate returns an EvaluationResult. It uses the module's own EvaluationResult type and does not redefine that shape inline. Each file declares a single interface, so nothing is repeated, no rule or invariant appears twice, and nothing goes around the module's abstractions. Import direction is out of scope for this review.",
e7-corpus-001-ghostfolio-test,ghostfolio-test,FF-N01,integrity,src/models/rules/account-cluster-risk,module,domain,valid,pass,0.850000,0.000000,false,3,3,0,3,true,0,JC-N01-DUP;JC-N01-BYPASS,"Both files cover one concern: X-ray rules that judge account-cluster risk from PortfolioDetails['accounts']. Each extends the shared Rule base class the same way. Each passes ExchangeRateDataService to super, builds its key from its class name, and gets the language code through getLanguageCode() and its settings key through getKey(). Each implements the same set of methods (evaluate, getConfiguration, getName, getSettings), and both translate messages the same way, through i18nService.getTranslation with ids under 'rule.accountClusterRisk*'. Neither file works around the Rule abstraction. Each file owns its own rule logic: the largest-account investment-ratio threshold lives only in current-investment.ts, and the single-account count check lives only in single-account.ts. Some boilerplate repeats: both return false with a '.false.invalid' message when there are no accounts, and both default isActive to true. That is the per-rule pattern the Rule contract asks for, not a shared invariant copied out of its proper home.",
e7-corpus-001-ghostfolio-test,ghostfolio-test,FF-N01,integrity,src/models/rules/asset-class-cluster-risk,module,domain,valid,fail,0.640000,0.028284,false,3,3,3,0,true,1,JC-N01-DUP,"Both files serve one cohesive concern (asset-class concentration risk rules) and both use the Rule base-class abstractions consistently. However, the threshold rule itself is copied in full across the two files. evaluate() repeats the same logic: group holdings by 'assetClass', sum the total, compute the ratio, compare against thresholdMax and thresholdMin, and format percentages with toPrecision(3). getConfiguration() returns the same threshold config, the getSettings() shape is the same, and so is the local Settings interface. Only the asset-class key ('EQUITY' vs 'FIXED_INCOME'), the i18n ids and the default thresholds differ. The ratio and threshold check should live in one place, such as a shared base class or helper parameterized by asset class and defaults. Keeping it in two places means a change to the comparison or the config has to be made twice. This matches the rubric's fail condition of duplicating a rule that should live in one place.","evaluate(), getConfiguration() and the Settings interface copy the asset-class ratio/threshold rule that is also in fixed-income.ts, rather than sharing one parameterized implementation. | evaluate(), getConfiguration() and the Settings interface are a near-verbatim copy of equity.ts (only 'FIXED_INCOME', the i18n ids and the defaults differ), so the same threshold rule exists in two places."
e7-corpus-001-ghostfolio-test,ghostfolio-test,FF-N01,integrity,src/models/rules/currency-cluster-risk,module,domain,valid,pass,0.773333,0.037712,false,3,3,0,3,true,1,JC-N01-DUP;JC-N01-BYPASS,"Both files cover one concern: currency concentration risk on current holdings. Each defines a rule class that extends the shared Rule<Settings> abstraction and has the same structure (evaluate, getConfiguration, getName, getSettings). Both group holdings through the inherited groupCurrentHoldingsByAttribute and use I18nService for evaluation text, so neither bypasses the module's abstractions. Each file has its own rule: the base-currency rule checks whether the base currency is the largest group, and the current-investment rule checks whether any currency goes over thresholdMax. The repeated parts (the loop that totals groups and finds the largest, and the isActive default in getSettings) are the standard boilerplate every rule follows, not a business rule written in two places. One minor inconsistency: base-currency-current-investment.ts picks the largest group by 'investment' but computes its ratio from 'value'. That may be a correctness issue but does not break the module's structure.",
e7-corpus-001-ghostfolio-test,ghostfolio-test,FF-N01,integrity,src/models/rules/economic-market-cluster-risk,module,domain,valid,fail,0.623333,0.020548,false,3,3,3,0,true,2,JC-N01-DUP;JC-N01-BYPASS,"Both files cover one concern: rules that judge what share of the portfolio sits in a market cluster. Both extend Rule<Settings> and use I18nService and the Rule key and language helpers the same way, so the module's shared abstractions are not bypassed. But the core threshold-band logic is copied word for word into each file instead of being kept in one place: - The ratio is computed as value / currentValueInBaseCurrency, falling back to 0. - The ratio is checked against thresholdMax first, then thresholdMin. - Percentages are formatted with (x * 100).toPrecision(3). - The getConfiguration() threshold bounds are max 1, min 0, step 0.01, unit '%'. - The Settings interface is declared the same way in both files. The only real differences are the translation-key prefix, the field name and the default thresholds (0.68–0.72 vs 0.28–0.32). Any change to how a band is evaluated, rounded or configured would have to be made in both files, which is the ""duplicate a rule or invariant that should live in one place"" case in the rubric. Confidence is moderate because this one-class-per-rule pattern may be a convention across the wider project.","EconomicMarketClusterRiskDevelopedMarkets.evaluate, getConfiguration and the Settings interface repeat the threshold-band evaluation, percentage formatting and configuration word for word from emerging-markets.ts instead of sharing one implementation. | EconomicMarketClusterRiskEmergingMarkets.evaluate, getConfiguration and the Settings interface repeat the threshold-band evaluation, percentage formatting and configuration word for word from developed-markets.ts instead of sharing one implementation."
e7-corpus-001-ghostfolio-test,ghostfolio-test,FF-N01,integrity,src/models/rules/regional-market-cluster-risk,module,domain,valid,fail,0.730000,0.014142,false,3,3,3,0,true,0,JC-N01-DUP,"The module has one concern: regional market cluster risk rules. All five rule classes extend Rule<Settings> and share the Settings interface, so the files are cohesive and use the module's abstractions consistently. The problem is duplication. The same threshold-band invariant is copied in full into five files. Each copy computes the region ratio with the same divide-by-zero guard, checks it against thresholdMax and thresholdMin, and formats the results as percentages with toPrecision(3). getConfiguration is also identical in every file (max 1, min 0, step 0.01, unit '%'), and so is the getSettings logic. The only real differences are the region key/translation id, the region value field, and the default thresholds. Any change to the evaluation logic, number formatting or configuration bounds must be made in five places. That fails the rubric's requirement to keep each rule or invariant in one place.","evaluate(), getConfiguration() and getSettings() copy the threshold-band rule, percentage formatting and configuration bounds that the other region rules also contain. This should live in one shared base or parameterized rule. | Duplicates the same ratio/threshold-band evaluation, getConfiguration literal and getSettings logic; only the region key and defaults differ. | Duplicates the same ratio/threshold-band evaluation, getConfiguration literal and getSettings logic; only the region key and defaults differ. | Duplicates the same ratio/threshold-band evaluation, getConfiguration literal and getSettings logic; only the region key and defaults differ. | Duplicates the same ratio/threshold-band evaluation, getConfiguration literal and getSettings logic; only the region key and defaults differ."
e7-corpus-001-ghostfolio-test,ghostfolio-test,FF-N01,integrity,src/services/data-provider/alpha-vantage,module,application,valid,pass,0.806667,0.061283,false,3,3,0,3,true,0,JC-N01-SPLIT;JC-N01-DUP;JC-N01-BYPASS,"Both unit files serve the single concern of wrapping Alpha Vantage as a data provider. alpha-vantage.service.ts declares AlphaVantageService, which implements DataProviderInterface and OnModuleInit. Every method either calls the Alpha Vantage client or returns a stub required by the interface. interfaces/interfaces.ts declares only AlphaVantageHistoricalResponse, which the service uses solely to type the crypto.daily response. No unrelated concern, duplicated rule or bypassed abstraction was found; the service reuses getName() and getDataProviderInfo() internally rather than repeating that metadata. Two small issues do not amount to a violation. The interface is empty, so the code indexes into it with raw string keys; that is a typing-precision problem, not a cohesion problem. DataSource.ALPHA_VANTAGE appears in both getName() and getDataProviderInfo(), but it is only the identifier the interface requires, not a business rule.",
e7-corpus-001-ghostfolio-test,ghostfolio-test,FF-N01,integrity,src/services/data-provider/interfaces,module,application,valid,pass,0.810000,0.014142,false,3,3,0,3,true,2,JC-N01-DUP,"Both files hold contracts for the data-provider subsystem. data-provider.interface.ts defines what a market-data provider must implement (DataProviderInterface) along with its request parameter types. data-enhancer.interface.ts defines the contract for enhancers that add to an asset profile (DataEnhancerInterface). That is one concern: pluggable sources of market data and asset profiles. The two interfaces follow the same conventions: getName() and getTestSymbol(), an optional requestTimeout, object-destructured parameters, and Partial<SymbolProfile> as the asset-profile type. Neither file contains logic, so no business rule is repeated across them. Two small things don't amount to a failure. GetDividendsParams and GetHistoricalParams have identical fields, which is repeated type shape rather than a repeated rule. DataEnhancerInterface.enhance declares its parameter type inline instead of as a named Params interface, which is a small style difference.",
e7-corpus-001-ghostfolio-test,ghostfolio-test,FF-N01,integrity,src/services/impersonation,module,application,valid,pass,0.886667,0.009428,false,3,3,0,3,true,1,JC-N01-DUP,"This module handles a single concern: checking whether a request may act as another user (an ""impersonation id""). The module file only wires the service and its Prisma dependency into NestJS. The service holds the one rule for impersonation in a single method. Nothing in the two files repeats that rule, and neither file goes around the module's own abstractions. The service queries the database through the injected PrismaService and checks permissions with the shared helpers, which fits the project's usual patterns.",
e7-corpus-001-ghostfolio-test,ghostfolio-test,FF-N02,semantic,src/app/access/access.controller.ts,file,presentation,valid,fail,0.773333,0.037712,false,3,3,3,0,true,1,JC-N02-PERSISTENCE;JC-N02-TRANSPORT;JC-N02-BUSINESS,"The file is a presentation-layer controller, but it holds business rules and builds persistence queries. It enforces a subscription rule: when ENABLE_FEATURE_SUBSCRIPTION is on, Basic users cannot create or update access. It also enforces ownership: an access is only changed if it belongs to the requesting user. It builds Prisma query and relation objects directly (include, orderBy, where, connect, disconnect). It also decides whether an access is PUBLIC or PRIVATE. These belong in the application, domain or infrastructure layers, not presentation. Routing, guards, request binding and turning errors into HTTP responses are fine for a presentation file.","createAccess and updateAccess enforce a subscription rule (when ENABLE_FEATURE_SUBSCRIPTION is on, Basic users get FORBIDDEN). This business rule belongs in the application/domain layer, not presentation. | deleteAccess and updateAccess enforce an ownership check (accessService.access({ id, userId }) followed by FORBIDDEN when nothing is found). This application-level authorization rule should live in AccessService. | getAllAccesses, createAccess and updateAccess build Prisma query and relation objects (include, orderBy, where, connect, disconnect). Persistence query construction belongs in infrastructure or the service, not the controller. | The getAllAccesses map labels an access PUBLIC or PRIVATE (grantee 'Public') depending on whether it has a grantee user. This is domain/application logic placed in presentation."
e7-corpus-001-ghostfolio-test,ghostfolio-test,FF-N02,semantic,src/app/account-balance/account-balance.controller.ts,file,presentation,valid,pass,0.800000,0.000000,false,3,3,0,3,true,0,JC-N02-PERSISTENCE;JC-N02-TRANSPORT;JC-N02-FRAMEWORK;JC-N02-BUSINESS,"The controller does normal presentation-layer work. It declares routes (@Controller, @Post, @Delete), applies auth and permission guards, binds the request body and route params, and maps a missing resource to an HTTP 403 via HttpException. Everything else is passed to application services (AccountService, AccountBalanceService). It contains no direct persistence calls, no domain calculations and no business rules beyond a request-scoped ownership check. That check is just a lookup scoped by userId, and placing it in the controller is acceptable access control at the transport boundary. One minor point: the Prisma composite-key filter shape (`id_userId`) is passed through accountService.account(), which leaks a persistence-shaped query detail into the controller. But this is a parameter to a service call, not persistence logic run by the controller, so it does not amount to a misplaced responsibility under this rubric.",
e7-corpus-001-ghostfolio-test,ghostfolio-test,FF-N02,semantic,src/app/activities/activities.service.ts,file,application,valid,fail,0.706667,0.018856,false,3,3,3,0,true,1,JC-N02-PERSISTENCE,"ActivitiesService is in the application layer, so it should orchestrate use cases: coordinate services, emit events and enqueue jobs. Much of the file does that. But it also contains a lot of persistence logic, which belongs to the infrastructure layer. It calls the Prisma ORM client directly (`prismaService.order.findMany/create/update/delete/deleteMany/count/aggregate/findUnique`). It also builds complex, database-specific queries: in getActivities it assembles `Prisma.OrderWhereInput` filters, including case-insensitive `startsWith` matching, null checks on `SymbolProfileOverrides`, and the `orderBy` list. It reshapes ORM write inputs by mutating `connectOrCreate` and `connect` and deleting fields before writing. The private `orders()` method is a plain repository-style wrapper around `findMany`. None of this goes through a repository or other infrastructure abstraction, so the file carries infrastructure (persistence) responsibilities that the layer model assigns elsewhere, for example to `*.repository.ts`.","getActivities() builds complex, database-specific Prisma.OrderWhereInput and orderBy clauses (case-insensitive startsWith matching, SymbolProfileOverrides null checks) and runs prismaService.order.count. That is persistence query logic, which belongs to the infrastructure layer (a repository), not the application layer. | The private orders() method and getStatisticsByCurrency() call prismaService.order.findMany and prismaService.order.aggregate directly. These are repository/data-access responsibilities that belong to the infrastructure layer. | createActivity(), updateActivity(), deleteActivity(), deleteActivities() and assignTags() reshape Prisma ORM inputs (connectOrCreate, connect, tags set/connect) and call prismaService.order.create/update/delete/deleteMany directly. These ORM persistence details belong to the infrastructure layer."
e7-corpus-001-ghostfolio-test,ghostfolio-test,FF-N02,semantic,src/app/admin/admin.controller.ts,file,presentation,valid,fail,0.606667,0.009428,false,3,3,3,0,true,0,JC-N02-TRANSPORT;JC-N02-FRAMEWORK,"AdminController sits in the presentation layer. Most of its handlers do presentation work: routing, guards and permission decorators, reading parameters, sanitising input (isNaN on skip/take, parseISO on dateString), turning errors into HTTP responses, and passing calls on to services. Three handlers go further than that. 1. gatherMax and gatherProfileData build queue jobs themselves. Each one fetches the active asset profiles, maps them to job payloads, picks the job name, merges the job options, sets the jobId and chooses a queue priority, then submits the batch. gatherProfileDataForSymbol does the same for one symbol, with its own priority. Choosing priorities and assembling jobs is application-level orchestration. It belongs in DataGatheringService or another application service. The same logic is copied into two handlers, which also suggests it is not presentation work. 2. testMarketData treats a falsy price as a failure and raises an error with a domain message. This is a smaller issue. Translating a date range into a start date in gatherSymbol counts as input translation, so I did not flag it.","gatherMax() and gatherProfileData() each build queue job payloads in the controller: job name, merged options, jobId from getAssetProfileIdentifier and priority DATA_GATHERING_QUEUE_PRIORITY_MEDIUM. The same logic appears in both. This is application-layer orchestration and belongs in DataGatheringService or another application service. | gatherProfileDataForSymbol() builds a queue job in the controller, including the choice of DATA_GATHERING_QUEUE_PRIORITY_HIGH and the jobId. Choosing queue priority and assembling jobs is application-layer work."
e7-corpus-001-ghostfolio-test,ghostfolio-test,FF-N02,semantic,src/app/auth/auth.controller.ts,file,presentation,valid,pass,0.860000,0.014142,false,3,3,0,3,true,2,JC-N02-PERSISTENCE;JC-N02-TRANSPORT;JC-N02-BUSINESS,"AuthController does presentation work only. It declares HTTP routes, attaches guards (passport AuthGuard, HasPermissionGuard), reads request bodies and params, and passes the real work to AuthService and WebAuthService. It turns service errors into HTTP 403 responses and sends OAuth callbacks to a frontend URL. Building that redirect URL from ROOT_URL and the language code is transport or routing work, not a business rule. The ENABLE_FEATURE_AUTH_OIDC check in oidcLogin is a feature flag that blocks an endpoint, which is also an ordinary transport-level concern. Login validation, WebAuthn verification and token issuing all happen in the services. The file has no persistence code and no domain logic.",
e7-corpus-001-ghostfolio-test,ghostfolio-test,FF-N02,semantic,src/app/endpoints/data-providers/ghostfolio/ghostfolio.service.ts,file,application,valid,fail,0.630000,0.014142,false,3,3,3,0,true,1,JC-N02-PERSISTENCE;JC-N02-FRAMEWORK,"This file belongs to the application layer. Most of what it does fits that role: it coordinates several data providers, merges their results, derives currency quotes, filters and sorts lookup results, and reports status. However, two methods build Prisma queries directly against specific tables: an upsert into assetProfileResolution with a compound unique key and an increment, and an increment on analytics.dataProviderGhostfolioDailyRequests. Building ORM queries like this is persistence work, which belongs in the infrastructure layer (a repository or adapter). An application service should call that layer through an abstraction rather than build table-level queries itself. Confidence is moderate because injecting PrismaService straight into services is a common NestJS convention, and the graph labels PrismaService as application.","getAssetProfile() builds an inline Prisma upsert on assetProfileResolution, with a compound unique where-key and a requestCount increment. This is persistence logic and belongs in the infrastructure layer (a repository), not in an application service. | incrementDailyRequests() runs a direct Prisma update on the analytics table (dataProviderGhostfolioDailyRequests increment). This is persistence logic and belongs in the infrastructure layer (a repository), not in an application service."
e7-corpus-001-ghostfolio-test,ghostfolio-test,FF-N02,semantic,src/app/export/export.controller.ts,file,presentation,valid,pass,0.900000,0.000000,false,3,3,0,3,true,0,JC-N02-PERSISTENCE;JC-N02-TRANSPORT;JC-N02-FRAMEWORK;JC-N02-BUSINESS,"The export controller does only presentation-layer work. It defines the HTTP route with @Controller and @Get, applies authentication and permission guards and the request/response interceptors, and binds the query parameters. Its only data handling is turning the comma-separated query strings into arrays with split(','), which is transport-level input parsing. It passes the filter parameters to ApiService.buildFiltersFromQueryParams and hands the actual export to ExportService.export, along with the user id and settings taken from the request. It contains no persistence logic, no business rules and no domain calculations. The @prisma/client import is only used as a type cast. Import direction is out of scope for this check.",
e7-corpus-001-ghostfolio-test,ghostfolio-test,FF-N02,semantic,src/app/logo/logo.controller.ts,file,presentation,valid,pass,0.926667,0.004714,false,3,3,0,3,true,0,JC-N02-PERSISTENCE;JC-N02-TRANSPORT;JC-N02-FRAMEWORK;JC-N02-BUSINESS,"The controller only does presentation work. It handles HTTP routing (@Controller, @Get), binds request params and query values, attaches a request interceptor, passes the work to LogoService, and turns the result into an HTTP response (content type, body, or a 404 on error). It has no business rules, no persistence and no outbound fetch logic. The DataSource import from @prisma/client is only used as a type on a route parameter, not for persistence. That is a dependency question, which is out of scope here.",
e7-corpus-001-ghostfolio-test,ghostfolio-test,FF-N02,semantic,src/models/interfaces/evaluation-result.interface.ts,file,domain,valid,pass,0.956667,0.009428,false,3,3,0,3,true,0,JC-N02-PERSISTENCE;JC-N02-TRANSPORT;JC-N02-FRAMEWORK,"The file holds a single interface, EvaluationResult, with two fields: evaluation (string) and value (boolean). It describes the result of evaluating a rule, which is a domain concept. Only domain files import it (rule.interface.ts and rule.ts). It has no persistence, transport, framework or presentation code, so its only responsibility fits the domain layer.",
e7-corpus-001-ghostfolio-test,ghostfolio-test,FF-N02,semantic,src/models/rules/account-cluster-risk/current-investment.ts,file,domain,valid,pass,0.610000,0.009428,false,3,3,1,2,true,2,JC-N02-PERSISTENCE;JC-N02-TRANSPORT;JC-N02-FRAMEWORK;JC-N02-BUSINESS,"This file sits in the domain layer, and its main job is domain work: an X-ray business rule that checks whether money is too concentrated in one account. evaluate() adds up each account's investment, finds the largest account, works out its share of the total and compares that share with the user's thresholdMax. getSettings() turns user preferences into rule settings, including the default threshold of 0.5. Both are domain logic. There is no persistence, transport or framework logic here. Account from @prisma/client is used only as a type (Pick<Account, 'name'>). Nothing is stored or fetched, and no HTTP or framework code runs. Building the localized messages is handed off to the injected I18nService, so the file never builds UI strings itself. The explanation message is reasonably part of what a rule evaluation returns. Two small things lean toward presentation: getConfiguration() includes UI hints (step 0.01, unit '%'), and evaluate() formats the percentage with toPrecision(3). Neither is enough to say a whole responsibility has been put in the wrong layer. Whether this file should depend on services from the application layer is an import-direction question, which is out of scope. I'm only moderately confident because the localization and UI-hint parts are a judgment call.",
e7-corpus-001-ghostfolio-test,ghostfolio-test,FF-N02,semantic,src/models/rules/asset-class-cluster-risk/fixed-income.ts,file,domain,valid,pass,0.640000,0.043205,false,3,3,0,3,true,1,JC-N02-PERSISTENCE;JC-N02-TRANSPORT;JC-N02-FRAMEWORK;JC-N02-BUSINESS,"The file's main responsibility is a domain business rule, which fits the domain layer. It groups holdings by asset class, works out what share of the total is fixed income, and checks that share against minimum and maximum thresholds. getSettings() resolves the rule's default thresholds. The file has no persistence, transport or framework controller logic. Some of its output is presentation-style: it returns translated text through I18nService, rounds percentages for display with toPrecision(3), and getConfiguration() returns slider settings (step, unit '%'). That is borderline. It was not counted as a violation because translation is handed off to an injected service, and the message and settings describe the rule itself rather than rendering it. Imports of application services are a dependency-direction issue, which is out of scope.",
e7-corpus-001-ghostfolio-test,ghostfolio-test,FF-N02,semantic,src/models/rules/currency-cluster-risk/base-currency-current-investment.ts,file,domain,valid,pass,0.685000,0.049216,false,3,3,1,2,true,2,JC-N02-PERSISTENCE;JC-N02-TRANSPORT;JC-N02-FRAMEWORK;JC-N02-BUSINESS,"The file is a domain rule. evaluate() is portfolio business logic: it groups holdings by currency, adds up the total value, finds the group with the largest investment and checks whether that group is the base currency, then computes the base-currency value ratio. getSettings() turns user settings into rule settings, which is rule configuration. The file has no persistence, transport (HTTP) or framework logic. The borderline part is user-facing text: evaluate() and getName() build translated messages through I18nService.getTranslation, and the ratio is formatted with toPrecision(3). That leans toward presentation, but the translation is handed to an injected service and the message only reports the rule's outcome, so I did not treat it as a misplaced responsibility. Injecting application-layer services (ExchangeRateDataService, I18nService) is a dependency-direction question, which is out of scope.",
e7-corpus-001-ghostfolio-test,ghostfolio-test,FF-N02,semantic,src/models/rules/economic-market-cluster-risk/emerging-markets.ts,file,domain,valid,pass,0.650000,0.047140,false,3,3,1,2,true,1,JC-N02-PERSISTENCE;JC-N02-TRANSPORT;JC-N02-FRAMEWORK;JC-N02-BUSINESS,"The file holds a portfolio X-Ray rule, which is domain business logic. `evaluate()` works out what share of the portfolio is in emerging markets and checks that share against the minimum and maximum thresholds. `getSettings()` sets the business defaults (0.28 and 0.32) and reads per-user overrides. `getConfiguration()` describes the rule's adjustable threshold range. None of this is persistence, transport or framework logic. The file does no database access, HTTP handling or framework wiring. Two points are borderline: - Formatting: the user-facing evaluation text is built through the injected `I18nService` (the methods call `this.i18nService.getTranslation(...)`), and the percentages are formatted with `toPrecision(3)`. This is close to presentation work, but the file only hands it off to the service. The domain rule still produces the business result in `value`. - UI metadata: `getConfiguration()` returns `step` and `unit` values that look like settings-UI hints. They describe the rule's own adjustable range rather than rendering anything. The file also depends on application services (`ExchangeRateDataService` and `I18nService`). That is an import-direction question, which is out of scope here. Overall, no responsibility clearly belongs to a different layer kind.",
e7-corpus-001-ghostfolio-test,ghostfolio-test,FF-N02,semantic,src/models/rules/fees/fee-ratio-total-investment-volume.ts,file,domain,valid,pass,0.616667,0.023570,false,3,3,0,3,true,2,JC-N02-PERSISTENCE;JC-N02-TRANSPORT;JC-N02-FRAMEWORK;JC-N02-BUSINESS,"The file sits in src/models/** (domain) and holds a portfolio X-ray business rule: it works out a fee ratio and checks it against a configurable maximum threshold. That is domain logic. The file has no persistence, transport, HTTP or framework code. It does not touch a database or an external API. The localized evaluation text is built by calling an injected I18nService. Formatting the percentages for that text is a small part of the job. getConfiguration() returns threshold metadata (min, max, step and unit) that describes the rule's own parameters. getSettings() resolves the rule's settings from user preferences, with defaults. All of these are part of the rule's definition, inherited from the Rule base class. None of them belongs to another layer kind. The domain depending on application services (ExchangeRateDataService and I18nService) is an import-direction concern, which is out of scope here. Building localized messages inside the domain is a borderline presentation concern. It is delegated to a service rather than done in the file, so I do not count it as a misplaced responsibility.",
e7-corpus-001-ghostfolio-test,ghostfolio-test,FF-N02,semantic,src/models/rules/regional-market-cluster-risk/emerging-markets.ts,file,domain,valid,fail,0.600000,0.009428,false,3,3,2,1,true,0,JC-N02-BUSINESS,"The file's main job fits the domain layer. `evaluate()` works out the share of the portfolio in emerging markets and checks it against the minimum and maximum thresholds. `getSettings()` supplies the default threshold values (0.08 and 0.12). Both are business logic. The file also takes on presentation work. `evaluate()` and `getName()` build user-facing text. They choose translation keys, pass a language code to `I18nService.getTranslation`, and format numbers for display by multiplying by 100 and calling `toPrecision(3)`. The rule's result is a finished message, not just pass/fail plus the ratio. `getConfiguration()` returns settings for a UI control, such as `step: 0.01` and `unit: '%'`, which are presentation details rather than business rules. The dependency on `I18nService` is an import-direction question, which is out of scope here. The verdict rests only on what the code does: it builds the display text and UI settings itself. No ADR prose was provided to justify this. Confidence is moderate because putting human-readable descriptions on domain rules is a common, deliberate design choice.","evaluate() and getName() build user-facing text: they choose translation keys, pass the language code to I18nService.getTranslation and format percentages for display with toPrecision(3). Localizing and formatting display text is presentation work, not domain work. The domain rule should return the evaluation result and the ratio, and leave the wording to the presentation layer. | getConfiguration() returns settings for a UI control (step: 0.01, unit: '%'). These are presentation details, not business rules, and don't belong in a domain rule."
e7-corpus-001-ghostfolio-test,ghostfolio-test,FF-N02,semantic,src/services/benchmark/benchmark.module.ts,file,application,valid,pass,0.783333,0.023570,false,3,3,0,3,true,0,JC-N02-PERSISTENCE;JC-N02-TRANSPORT;JC-N02-FRAMEWORK;JC-N02-BUSINESS,"The file holds one declarative NestJS @Module that sets up dependency injection for BenchmarkService: it registers it as a provider, exports it and imports the modules it depends on. It has no business rules, no persistence queries, no HTTP/transport handling and no other executable logic. It does match the presentation pattern **/*.module.ts, but its declared layer is application (src/services/**). Its only job is to package and expose an application service, which is the standard way to put an application service together in NestJS. Importing PrismaModule and RedisCacheModule is a dependency-direction question, and that is out of scope here. Nothing in the file belongs to a different layer kind.",
e7-corpus-001-ghostfolio-test,ghostfolio-test,FF-N02,semantic,src/services/data-provider/data-provider.service.ts,file,application,valid,fail,0.800000,0.000000,false,3,3,3,0,true,0,JC-N02-PERSISTENCE;JC-N02-BUSINESS,"DataProviderService is declared in the application layer. Most of its work fits that role: it picks a data provider, validates activities, applies subscription and premium rules, and gathers quotes and search results from the providers. One method goes further. getHistorical writes raw SQL against the ""MarketData"" table and runs it directly through prismaService.$queryRaw. It builds Prisma.sql fragments by hand, including a date_part() granularity filter and ::timestamp casts. Hand-built SQL and direct database access are persistence work, which belongs in an infrastructure repository and not an application service. The same service already uses a MarketDataService abstraction for writes (updateMany) but skips it for this read. getQuotes also handles cache plumbing itself: it builds Redis keys, serializes and parses JSON, and applies the cache TTL. That is closer to infrastructure, but it goes through an injected cache service, so it is a lesser concern. The raw SQL query alone is enough to fail the rule.","getHistorical() builds and runs a raw SQL query against the MarketData table (prismaService.$queryRaw, Prisma.sql/Prisma.join, date_part and ::timestamp casts). This is persistence work for the infrastructure layer, such as a repository or MarketDataService, not an application service."
e7-corpus-001-ghostfolio-test,ghostfolio-test,FF-N02,semantic,src/services/data-provider/yahoo-finance/yahoo-finance.service.ts,file,application,valid,fail,0.750000,0.024495,false,3,3,3,0,true,0,JC-N02-TRANSPORT,"YahooFinanceService is declared application (via the *.service.ts pattern under src/services/), but its role is an infrastructure adapter for an external API. It implements DataProviderInterface, which acts as a port. It creates the third-party yahoo-finance2 client itself, calls the vendor API directly (chart, quote, quoteSummary, search) with vendor-specific request parameters, maps vendor response types (ChartResultArray, QuoteResponseArray, QuoteSummaryResult) to internal shapes, and translates vendor error messages into application errors. This is gateway/transport work for the infrastructure layer, not use-case orchestration for the application layer.","The `yahooFinance` field (`new YahooFinance(...)`) and the methods getDividends, getHistorical, getQuotes, search and getQuotesWithQuoteSummary call the external Yahoo Finance API directly (chart/quote/quoteSummary/search), build vendor request parameters and map vendor responses and errors. This is an external-API adapter responsibility that belongs to the infrastructure layer, not the application layer."
e7-corpus-001-ghostfolio-test,ghostfolio-test,FF-N02,semantic,src/services/queues/data-gathering/data-gathering.service.ts,file,application,valid,fail,0.680000,0.056569,false,3,3,3,0,true,0,JC-N02-PERSISTENCE;JC-N02-TRANSPORT;JC-N02-BUSINESS,"DataGatheringService sits in the application layer. Some of its work fits that layer: it orchestrates gathering jobs, picks queue priorities, chooses which symbols to gather and coordinates data providers and enhancers. But it also writes its own Prisma queries. These include upserts keyed on composite unique keys, groupBy aggregations, findMany calls with select/orderBy/where clauses, and findFirst on orders. That is persistence work, which belongs in the infrastructure layer (repositories). An application service should reach storage through repositories or ports, not build ORM queries itself. Some business filtering is also mixed into these queries, such as excluding 'MANUAL' and 'RAPID_API' data sources and counting 'CLOSE'-state rows. Using the Bull queue directly is borderline transport work, but it could pass as orchestration. The Prisma data access is the clear misplaced responsibility.","gatherSymbolForDate and gatherAssetProfiles run Prisma upserts directly (marketData.upsert, symbolProfile.upsert with composite-key where clauses). This is persistence work that belongs in an infrastructure repository, not in an application service. | getActiveAssetProfileIdentifiers, getAssetProfileIdentifiersWithCompleteMarketData and getSymbolsMax build raw Prisma queries (findMany, groupBy, findFirst with select/orderBy/where). This is infrastructure-layer data access placed in the application layer."
e7-corpus-001-ghostfolio-test,ghostfolio-test,FF-N02,semantic,src/services/symbol-profile/symbol-profile.module.ts,file,application,valid,pass,0.833333,0.023570,false,3,3,0,3,true,0,JC-N02-PERSISTENCE;JC-N02-TRANSPORT;JC-N02-FRAMEWORK;JC-N02-BUSINESS,"This file only sets up NestJS dependency injection. The `@Module` decorator imports PrismaModule, registers SymbolProfileService as a provider and exports it. That is how the symbol-profile application service gets packaged so other modules can use it. The file has no business rules, no persistence queries, no transport handling and no presentation logic. Importing PrismaModule makes the database client available to the service. It is not a persistence responsibility carried by this file. The path places the file in the application layer, while the `*.module.ts` pattern maps to presentation. That conflict does not matter here, because packaging and exposing a service is acceptable in either layer, and nothing in the file belongs to another layer kind.",
e7-corpus-005-nestjslatam__ddd,nestjslatam__ddd,FF-N01,integrity,libs/ddd/src/core/repositories,module,infrastructure,valid,pass,0.900000,0.000000,false,3,3,0,3,true,0,JC-N01-SPLIT;JC-N01-DUP,"The module has two files that split repository contracts into a read side and a write side, CQRS-style. Together they cover one concern: persistence contracts for aggregate roots. Both interfaces use the same generic parameters with the same constraints (TKey extends Primitives, TDomain extends DddAggregateRoot<any, any>) and import those types from the same shared sources, so the abstractions line up. Neither interface repeats the other's operations. Repeating the generic constraint in both is just a type signature, not a business rule or invariant that ought to live in one place. Neither file goes around the module's abstractions. One small inconsistency: IDomainReadRepository has a JSDoc comment on the interface itself and IDomainWriteRepository doesn't. That's a documentation style point, not a cohesion problem.",
e7-corpus-005-nestjslatam__ddd,nestjslatam__ddd,FF-N01,integrity,libs/ddd/src/valueobjects,module,domain,valid,fail,0.720000,0.000000,false,3,3,3,0,true,0,JC-N01-DUP,"The six files serve one purpose: base value objects (Id, Number, String) and the AbstractRuleValidator subclasses that enforce their rules. They also use the module's abstractions consistently: validators extend AbstractRuleValidator and are registered through validatorRules in addValidators(). The unit fails on the 'duplicate a rule or invariant' criterion. The rule that a number must not be null, undefined, NaN or Infinity belongs to NumberNotNullValidator, which can be configured with allowNaN and allowInfinity. NumberPositiveValidator.addRules() writes its own copy of that rule, and in that copy NaN and Infinity are always rejected. NumberValueObject.addValidators() registers both validators. It passes allowNaN and allowInfinity only to NumberNotNullValidator, and passes only allowZero and epsilon to NumberPositiveValidator. With the default requirePositive=true, the duplicate check overrides the configured options: NumberValueObject.create(Infinity, { allowInfinity: true }) is still rejected, and a NaN value allowed through allowNaN is still rejected. The string side does this correctly. StringMaxLengthValidator.addRules() returns early on null and leaves that rule to StringNotNullOrEmptyValidator. A smaller point: IdValueObject validates UUIDs in two places, assertUuid and UuidFormatValidator, but the code comments explain why (fail fast on input, and keep isValid accurate if the value is later re-checked). I did not count that as a violation.","NumberPositiveValidator.addRules() repeats the null/undefined/NaN/Infinity rule that NumberNotNullValidator owns, and its copy always rejects NaN and Infinity. This copy has already drifted from the configurable one. | addValidators() registers both NumberNotNullValidator and NumberPositiveValidator but passes allowNaN/allowInfinity only to the first. With requirePositive=true (the default), the second validator's own check rejects NaN and Infinity even when the options allow them."
e7-corpus-005-nestjslatam__ddd,nestjslatam__ddd,FF-N01,integrity,src/orders/application/queries/get-orders,module,application,valid,pass,0.720000,0.000000,false,3,3,0,3,true,0,JC-N01-DUP,"The unit is a standard CQRS pair. get-orders.query.ts holds the query parameters (status, limit, offset). get-orders.query-handler.ts handles that query: it filters, paginates and maps orders to the shared OrderResponse and OrderItemResponse types from ../dtos. Both files serve the same concern. The handler reads only the query's own fields, and the response types come from the shared DTO module rather than being redefined. Within these two files, no rule or invariant appears twice. The domain-to-DTO mapping is written inline in the handler. If a sibling handler (for example, a get-order-by-id handler) repeats it, that would be duplication, but no such file is visible here, so I can't call it a violation. The direct injection of the concrete infrastructure OrderRepository is a layer-dependency question, which other tools check. I don't count it here.",
e7-corpus-005-nestjslatam__ddd,nestjslatam__ddd,FF-N01,integrity,src/orders/application/use-cases/cancel-order,module,application,valid,pass,0.800000,0.016330,false,3,3,0,3,true,2,JC-N01-SPLIT;JC-N01-DUP,"All four files serve a single concern: cancelling an order. The DTO file defines the input contract (CancelOrderBodyDto, plus CancelOrderDto, which adds orderId). CancelOrderCommand is built only from CancelOrderDto. CancelOrderService turns the DTO into the command and sends it through the CommandBus. CancelOrderCommandHandler loads the order, hands the cancel rule to the domain (order.cancel(reason)), checks the domain's brokenRules, saves and publishes events. Each step uses the module's own abstractions: the service never skips the bus to call the handler or repository, and the handler takes the command rather than the raw DTO. The only input validation is @IsString on reason, and the cancellation rules stay in the domain entity, so nothing is repeated across files. CancelOrderBodyDto is labelled as the HTTP transport contract, but it is a thin base type for this use case's own input and does not split the unit's purpose. The handler's dependency on the concrete infrastructure OrderRepository is a layer-dependency issue, which is out of scope.",
e7-corpus-005-nestjslatam__ddd,nestjslatam__ddd,FF-N01,integrity,src/orders/application/use-cases/confirm-order,module,application,valid,pass,0.853333,0.004714,false,3,3,0,3,true,2,JC-N01-DUP;JC-N01-BYPASS,"All four files cover one concern, the confirm-order use case, and follow the usual CQRS pattern. ConfirmOrderDto holds the input. ConfirmOrderCommand is built from the DTO. ConfirmOrderService sends the command through the CommandBus. ConfirmOrderCommandHandler runs it: it loads the order, calls order.confirm(), checks for broken rules, saves the order and commits events. Each rule or invariant lives in one place: the handler owns the not-found and broken-rules checks, and the command only copies orderId. The service uses the command bus instead of calling the handler or repository directly, so the module's abstractions aren't bypassed. The handler depends on the infrastructure OrderRepository, but that is import direction, which is out of scope.",
e7-corpus-005-nestjslatam__ddd,nestjslatam__ddd,FF-N01,integrity,src/orders/domain,module,domain,valid,pass,0.840000,0.014142,false,3,3,0,3,true,0,JC-N01-DUP;JC-N01-BYPASS,"The unit has one file, src/orders/domain/events/order.events.ts. All of it deals with one concern: immutable domain-event payloads for the Order aggregate's lifecycle (created, item added/removed/quantity changed, confirmed, status changed, cancelled, shipped, delivered). The file contains no business logic, so it cannot duplicate a rule or invariant. Every event identifies the aggregate the same way, with `orderId: IdValueObject`. Status transitions use the module's own OrderStatus enum instead of raw strings. There are minor inconsistencies: `customerId` is a plain string while the order and product ids are IdValueObject, and money is passed as a raw number plus a currency string. These are payload-typing choices, and nothing in the provided material shows that a customer-id or Money value object exists in the module and is being bypassed. They are not enough to fail cohesion or show a bypassed abstraction.",
e7-corpus-005-nestjslatam__ddd,nestjslatam__ddd,FF-N01,integrity,src/orders/domain/entities,module,domain,valid,fail,0.666667,0.033993,false,3,3,3,0,true,2,JC-N01-DUP,"The unit has one file, `src/orders/domain/entities/order-item.entity.ts`. Its concern is coherent: it defines the OrderItem value object. It fails on keeping each rule in one place and on using the module's own abstractions. It checks quantity and product-name rules in its own private static methods (`validateQuantity`, `validateProductName`). It throws `BrokenRulesException` from these and from an inline check in `withIncreasedQuantity`. It also registers `OrderItemQuantityValidator`, `OrderItemProductValidator` and `OrderItemPriceValidator` through the library's `addValidators()`/`validatorRules`. So the same rules are enforced in two places with two different mechanisms, and the hand-written checks go around the validator abstraction the class itself sets up. The file also repeats its own quantity check: `withQuantity` calls `OrderItem.validateQuantity(newQuantity)` and then `OrderItem.create(...)`, which runs `validateQuantity` again. The abstraction is also unclear. The file is named `*.entity.ts` and sits in `entities/`, but the class extends `DddValueObject`. Its doc comment calls it a ""Value Object"" and its example calls `item.changeQuantity(3)`, a method that doesn't exist; the actual method is `withQuantity`. I haven't seen what the validator classes contain, so the duplication is inferred from their names. That is why confidence is moderate.","The quantity and product-name rules are enforced twice: in the private static methods `validateQuantity` and `validateProductName`, and again by the `OrderItemQuantityValidator` and `OrderItemProductValidator` classes registered in `addValidators()`. The hand-written checks go around the class's own `validatorRules` abstraction. | `withQuantity` runs `validateQuantity` and then calls `create()`, which runs it again. `withIncreasedQuantity` also adds its own inline rule check outside the validator mechanism. | The abstraction is unclear: the file is named and placed as an entity (`*.entity.ts` in `entities/`), but `OrderItem extends DddValueObject` and its doc calls it a value object."
e7-corpus-005-nestjslatam__ddd,nestjslatam__ddd,FF-N01,integrity,src/orders/domain/value-objects,module,domain,valid,pass,0.816667,0.023570,false,3,3,0,3,true,1,JC-N01-DUP;JC-N01-BYPASS,"The three files serve one concern: immutable value objects for the orders domain. All three extend DddValueObject from @nestjslatam/ddd-lib. All three read state through getValue() and define equality through getEqualityComponents(). CustomerInfo and ShippingAddress share one construction pattern: a private constructor, a static create() factory, and a private validateProps() method that throws library exceptions. Money uses factory methods (fromAmount, fromCents, zero) and owns its money rules, such as the cents conversion and the currency check, in one place: assertSameCurrency. Money throws a plain Error where the other files throw library exceptions. Code comments say this is on purpose, so these internal faults return a 500. It is not a bypass. The comment that mentions Order.assertSameCurrency describes a separate check at the aggregate boundary, and that file is outside this unit. The repeated non-empty-string checks are trivial field validation, not a duplicated domain rule. The addValidators() methods differ slightly: Money calls super and the others leave it empty. That is cosmetic and does not break the shared abstraction.",
e7-corpus-005-nestjslatam__ddd,nestjslatam__ddd,FF-N01,integrity,src/orders/infrastructure/repositories,module,infrastructure,valid,pass,0.886667,0.009428,false,3,3,0,3,true,1,JC-N01-DUP;JC-N01-BYPASS,"The unit has a single file, src/orders/infrastructure/repositories/order.repository.ts. Its only declaration is the OrderRepository class, an in-memory store for Order aggregates. All five methods (save, findById, findAll, delete, exists) work on the same private Map<string, Order>, so the file serves one persistence concern. The map key is always the order ID string, and save gets it through the aggregate's own accessor, order.id.getValue(), rather than reaching into the order's internals. No business rule or invariant is repeated here, since the repository only stores and retrieves Order objects. The application handlers inject the concrete class directly instead of going through a domain-level interface (port). That is a dependency-direction question, which this review excludes, so it does not affect the result.",
e7-corpus-005-nestjslatam__ddd,nestjslatam__ddd,FF-N01,integrity,src/orders/presentation,module,infrastructure,valid,pass,0.786667,0.009428,false,3,3,0,3,true,1,JC-N01-SPLIT;JC-N01-DUP;JC-N01-BYPASS,"This unit is one file, src/orders/presentation/orders.controller.ts, and it has one concern: exposing the order lifecycle over HTTP under the 'orders' route. Each handler only maps request parameters and bodies onto an application use-case input and hands it off. It holds no business rules or invariants, so none can be duplicated. Reads and writes take different paths: - Reads: getOrders and getOrder go through the QueryBus, using GetOrdersQuery and GetOrderQuery. - Writes: commands go through use-case services injected directly into the controller. This is a deliberate CQRS split that the controller applies the same way every time. It does not bypass the module's abstractions: no handler skips the application layer, and no handler talks to repositories or domain entities directly.",
e7-corpus-005-nestjslatam__ddd,nestjslatam__ddd,FF-N01,integrity,src/products/application,module,application,valid,pass,0.740000,0.028284,false,3,3,0,3,true,2,JC-N01-SPLIT;JC-N01-DUP,"The unit has one empty barrel file (src/products/application/index.ts) and one saga file (src/products/application/sagas/product.saga.ts). ProductSaga uses the NestJS CQRS saga pattern throughout: three @Saga() members, each reacting to one product domain event (ProductCreatedEvent, ProductPriceChangedEvent, ProductStatusChangedEvent). The empty index.ts adds no other concern and duplicates nothing. Minor issues that are not failures: the delay(1000) and logging pattern is repeated, the code compares against the raw string 'INACTIVE' (a domain status type may exist but the source doesn't show one), and each saga returns `null as any` in place of a command. These are unfinished stubs, not a split concern or a copied invariant.",
e7-corpus-005-nestjslatam__ddd,nestjslatam__ddd,FF-N01,integrity,src/products/application/use-cases/change-product-status,module,application,valid,fail,0.640000,0.043205,false,3,3,3,0,true,0,JC-N01-DUP,"The four files cover one concern: the change-product-status use case. The service builds ChangeProductStatusCommand and sends it on the CommandBus. ChangeProductStatusCommandHandler loads the product, changes its status, checks broken rules, saves and commits. However, the set of valid statuses is defined twice within the unit. ChangeProductStatusDto hard-codes @IsIn(['ACTIVE', 'INACTIVE', 'DELETED']). The handler validates the same set again through ProductStatus.fromNameIgnoreCase and ProductStatus.getAll(). The two copies have already drifted: @IsIn is case-sensitive, while the handler ignores case. A value like 'inactive' is rejected by the DTO but would be accepted by the handler. The DTO comment says the copy is deliberate, so that a bad status returns a 400 naming the accepted values. That reason doesn't require a literal copy: the DTO could take its list from ProductStatus.getAll().map(s => s.name) and keep a single source of truth. The handler already turns an unknown name into an InvalidFormatException naming the accepted values. Minor point: ChangeProductStatusCommand's constructor takes the transport DTO instead of plain values, which ties the command to the HTTP contract. The concrete ProductRepository injection is an import-direction question and is out of scope.","ChangeProductStatusDto hard-codes @IsIn(['ACTIVE', 'INACTIVE', 'DELETED']), copying the closed set that ProductStatus already defines and that the command handler checks again with ProductStatus.fromNameIgnoreCase. The copies have drifted: the DTO is case-sensitive, the handler is not. Take the allowed values from ProductStatus.getAll() so the set is defined in one place."
e7-corpus-005-nestjslatam__ddd,nestjslatam__ddd,FF-N01,integrity,src/products/application/use-cases/create-product,module,application,valid,pass,0.856667,0.004714,false,3,3,0,3,true,1,JC-N01-DUP,"All four files cover one concern, the create-product use case, and each file has a distinct role. CreateProductDto is the transport contract. It checks only structure, and its doc comment says domain invariants (Name 3–100 chars, positive Price) stay out of it on purpose, so no rule is duplicated. CreateProductCommand carries the DTO's fields onto the command bus. CreateProductService builds the command and dispatches it through CommandBus. CreateProductCommandHandler is the single place that assembles the aggregate. It builds the domain value objects (Name.create, Description.create, Price.create) and calls Product.create, then turns broken rules into a BrokenRulesException, persists the product and commits its events. No file skips the module's own flow (service → command → handler), and no invariant shows up in two places. The handler takes the concrete ProductRepository from infrastructure, but that is a layer-dependency question, which is out of scope here.",
e7-corpus-005-nestjslatam__ddd,nestjslatam__ddd,FF-N01,integrity,src/products/application/use-cases/delete-product,module,application,valid,pass,0.766667,0.033993,false,3,3,0,3,true,2,JC-N01-SPLIT;JC-N01-DUP;JC-N01-BYPASS,"All four files handle a single concern, deleting a product. The service turns a call into a DeleteProductCommand and sends it through the CommandBus. The handler checks that the product exists, then deletes it. The command and DTO are plain data carriers for the same use case. The only invariant, that the product must exist before deletion, is enforced in one place: DeleteProductCommandHandler.execute. No file in the unit skips the module's own abstractions, because the service goes through the command/handler pipeline instead of calling the repository directly. One small inconsistency: DeleteProductDto declares `id`, but DeleteProductService.execute takes a raw `productId: string` and never uses the DTO. Whether that matters depends on how the controller uses it. It doesn't split the concerns or duplicate a rule, so it isn't a failure. The handler's dependency on infrastructure (ProductRepository) is an import-direction question, which is out of scope for this rule.",
e7-corpus-005-nestjslatam__ddd,nestjslatam__ddd,FF-N01,integrity,src/products/application/use-cases/update-product,module,application,valid,pass,0.850000,0.000000,false,3,3,0,3,true,0,JC-N01-DUP,"All four files serve one concern: updating a product. Each has its own role in a single CQRS flow. UpdateProductDto is the transport contract. UpdateProductService turns the DTO into an UpdateProductCommand and sends it on the CommandBus. UpdateProductCommand carries the data. UpdateProductCommandHandler loads the aggregate, applies changes through the entity's own methods and value-object factories, checks the aggregate's broken rules, saves, and publishes events. Each rule lives in one place. The DTO only checks transport types with class-validator. Domain rules stay in the value objects (Name.create, Description.create, Price.create) and the entity (isValid, brokenRules), and the handler does not repeat them. No file skips the module's own path: the service always goes through the command bus and never calls the handler or repository directly. The handler injects the concrete infrastructure ProductRepository, but that is a layer-dependency question and out of scope here. The truthy checks such as `if (price)` would skip a price of 0. That is a correctness concern, not a cohesion or duplication problem.",
e7-corpus-005-nestjslatam__ddd,nestjslatam__ddd,FF-N01,integrity,src/products/domain/product-aggregate/events,module,domain,valid,pass,0.866667,0.009428,false,3,3,0,3,true,0,JC-N01-SPLIT;JC-N01-DUP;JC-N01-BYPASS,"The five files have one concern: domain events for the Product aggregate. Every class extends AbstractDomainEvent from @nestjslatam/ddd-lib, passes EventMetadata to super, and rebuilds itself in a static fromJSON factory. Each fromJSON calls the shared helpers AbstractDomainEvent.extractMetadata and extractEventData, so no file bypasses the module's abstractions or re-implements metadata handling. The fromJSON factories have the same shape, but each one maps its own event's payload, so this is a per-event pattern rather than a shared rule copied into several places. There are two small inconsistencies, both cosmetic: (1) four constructors repeat assignments such as this.productId = productId even though the readonly parameter properties already set those fields, while ProductCreatedEvent does not; (2) the file ProductStatusChanged.ts exports ProductStatusChangedEvent, which breaks the *Event.ts file naming the other four files use. Neither one splits the module's concern, duplicates an invariant, or bypasses an abstraction, so the unit passes.",
e7-corpus-005-nestjslatam__ddd,nestjslatam__ddd,FF-N01,integrity,src/products/domain/product-aggregate/validators,module,domain,valid,fail,0.600000,0.000000,false,3,3,3,0,true,0,JC-N01-SPLIT;JC-N01-DUP;JC-N01-BYPASS,"The structure is cohesive. All five classes extend AbstractRuleValidator<Product>, take the Product as their subject, and report problems through addBrokenRule. There is no split into unrelated concerns, and none of them bypass the module's abstraction. The problem is that some rules are not kept in one place: 1. **The rule that price can't be zero lives in two validators.** ProductPriceValidator.addRules already rejects any price <= 0. ProductStatusValidator.addRules checks for a zero price again (""Cannot activate product with zero price""). Since the price validator already blocks that case, the status check never fires on its own. The same rule now has two owners that can drift apart. 2. **Cross-field rules are split between two classes.** ProductBusinessRulesValidator exists for rules that compare fields (price vs. name length, description length vs. name length). The status/price rule is also a cross-field rule, but it sits in ProductStatusValidator, so there is no single home for these rules. 3. **Smaller consistency issues.** In ProductBusinessRulesValidator, the comment says ""1000 veces"" (1000 times) but the code uses `nameLength * 10000`. ProductNameValidator and ProductDescriptionValidator guard against a missing value, while ProductPriceValidator and ProductBusinessRulesValidator call `getValue()` directly with no guard. Point 1 is the clearest fail; points 2 and 3 support it. Overall, the unit fails the rule against duplicating an invariant or scattering it across files.","ProductStatusValidator.addRules checks for a zero price again ('Cannot activate product with zero price'), but ProductPriceValidator already rejects price <= 0. The same rule is in two places, and this check can never fire on its own. | ProductBusinessRulesValidator is meant to hold the cross-field rules, but the status/price cross-field rule lives in ProductStatusValidator, so these rules have no single home. The comment ('1000 veces') also contradicts the code (`nameLength * 10000`)."
e7-corpus-005-nestjslatam__ddd,nestjslatam__ddd,FF-N01,integrity,src/products/infrastructure/repositories,module,infrastructure,valid,pass,0.893333,0.009428,false,3,3,0,3,true,0,JC-N01-SPLIT;JC-N01-DUP,"This module has a single file, product.repository.ts, and that file does one job: it stores Product aggregates in memory. The class ProductRepository has five methods (save, findById, findAll, delete, exists), and each one works on the same private Map<string, Product>. The file uses the domain's own identity abstraction: save keys entries by product.id.getValue() and does not build a key of its own. It doesn't repeat any domain rule or invariant, such as a validation check or a status-transition rule. There is no second file it could be split from or overlap with. The application command and query handlers inject the concrete class instead of an interface (a port). That is a dependency-direction question, which this rule leaves out of scope.",
e7-corpus-005-nestjslatam__ddd,nestjslatam__ddd,FF-N01,integrity,src/products/presentation,module,infrastructure,valid,pass,0.760000,0.028284,false,3,3,0,3,true,0,JC-N01-SPLIT;JC-N01-DUP;JC-N01-BYPASS,"The module has one file, src/products/presentation/products.controller.ts. It holds a single class, ProductsController, which serves one concern: the HTTP routes for the products resource (create, list, get, update, change status, delete). Each handler only maps request parameters to an application call and returns the result. There is no business logic, validation rule or invariant written in the controller, so nothing is duplicated and nothing is split across concerns. Reads and writes go through different mechanisms. Reads use QueryBus with GetProductQuery and GetProductsQuery. Writes call injected use-case services directly. This is a common CQRS-lite style and does not bypass any abstraction. The write use cases are built as services (CreateProductService and the others, each with an execute method). The material shows no CommandBus, command classes or command handlers that the controller skips, so each application entry point is used the way it is built. The controller also never reaches past those entry points to repositories or domain entities.",
e7-corpus-005-nestjslatam__ddd,nestjslatam__ddd,FF-N01,integrity,src/shared/valueobjects,module,domain,valid,pass,0.770000,0.014142,false,3,3,0,3,true,0,JC-N01-DUP,"This unit passes. All three files cover one concern: shared primitive value objects for the product domain. They use the module's abstractions the same way. Each class extends a value-object base from '@nestjslatam/ddd-lib' (StringValueObject or NumberValueObject), registers its rules through the addValidators() hook, and relies on a dedicated validator in './validators' (NameLengthValidator, DescriptionLengthValidator, PriceRangeValidator). Each domain rule lives in exactly one place, its validator. No file checks lengths or ranges inline, and none goes around the validator mechanism. The three static create() methods do repeat the same steps: build the object, check isValid, then throw BrokenRulesException with brokenRules.getBrokenRules(). This is a repeated construction pattern, not a duplicated domain rule. It could be moved into a shared generic factory or base helper, but that is a small maintainability point, not a broken boundary. The static load() methods intentionally skip validation so stored data can be rebuilt without re-checking it. They do this consistently across all three files. There is one small naming inconsistency: Name.ts is PascalCase, while description.ts and price.ts are lowercase. It does not affect cohesion.",
e7-corpus-005-nestjslatam__ddd,nestjslatam__ddd,FF-N02,semantic,libs/ddd/src/core/repositories/repository-read.interface.ts,file,infrastructure,valid,pass,0.816667,0.023570,false,3,3,0,3,true,1,JC-N02-PERSISTENCE;JC-N02-BUSINESS,"The file holds only the IDomainReadRepository interface, with two method signatures: find() and findById(id). This is a persistence/data-access contract, which fits the declared infrastructure layer (path matches **/repositories/**). It contains no business rules, invariants, validation, domain behaviour, use-case orchestration or presentation logic. Under DDD convention, repository interfaces are sometimes placed in the domain layer as ports. Even so, nothing in the file carries a responsibility that belongs to another layer kind under this rubric.",
e7-corpus-005-nestjslatam__ddd,nestjslatam__ddd,FF-N02,semantic,libs/ddd/src/core/repositories/repository-write.interface.ts,file,infrastructure,valid,pass,0.833333,0.023570,false,3,3,0,3,true,0,JC-N02-PERSISTENCE;JC-N02-TRANSPORT;JC-N02-BUSINESS,"This file passes. It is in the infrastructure layer (it matches **/repositories/**) and only declares IDomainWriteRepository, a generic contract for write operations: insert, insertBatch, update and delete. Persistence belongs to the infrastructure layer. The file has no business rules, no transport or presentation logic and no implementation code. In stricter DDD a repository interface is sometimes treated as a domain port. Even so, a pure persistence contract does not carry a responsibility from another layer, so it does not break the rubric. Which way the imports point (it imports the aggregate root) is checked by other tools and is not part of this review.",
e7-corpus-005-nestjslatam__ddd,nestjslatam__ddd,FF-N02,semantic,libs/ddd/src/valueobjects/id.valueobject.ts,file,domain,valid,pass,0.893333,0.009428,false,3,3,0,3,true,0,JC-N02-PERSISTENCE;JC-N02-TRANSPORT;JC-N02-FRAMEWORK;JC-N02-BUSINESS,"This file is a domain value object, and everything it does is domain work. It checks the identifier's own rules: the UUID format, null checks, lowercase normalisation, and the nil/empty identity. It defines equality and hashing based on the value. It provides factory methods (create/load/empty) and registers a validation rule that reads only the wrapped value. Nothing in it handles persistence, transport, HTTP, framework details or use-case orchestration. toJSON/toString just return the underlying value. That is a common value-object convenience, not infrastructure serialization. The comments mention an ORM, but only to explain why re-validation exists; no ORM code runs here. Using the uuid library for generation and validation is part of the value object's own invariant. Whether that dependency is allowed is an import-direction question, which is out of scope.",
e7-corpus-005-nestjslatam__ddd,nestjslatam__ddd,FF-N02,semantic,src/orders/application/use-cases/cancel-order/cancel-order.dto.ts,file,application,valid,fail,0.653333,0.037712,false,3,3,3,0,true,0,JC-N02-TRANSPORT;JC-N02-FRAMEWORK;JC-N02-BUSINESS,"This file sits in the application layer, but it defines the HTTP request-body contract. Its own doc comment calls `CancelOrderBodyDto` ""The transport contract for POST /orders/:id/cancel"", and it uses class-validator `@IsString()` decorators to validate the incoming request body. That makes it presentation/transport work, which belongs to the infrastructure layer (presentation/controller). The application-level command shape `CancelOrderDto` is also built by extending this HTTP body class, so the use-case input inherits the transport contract and its validation. The comment says the controller merges in the path id, which ties the use-case input to how the HTTP route is laid out. On their own, DTO files with validation decorators are a common pattern and a borderline case. Here, though, the code states plainly that it is tied to a specific route, so the transport responsibility is misplaced.","CancelOrderBodyDto is described as 'The transport contract for POST /orders/:id/cancel' and uses class-validator `@IsString()` to validate the request body. That is presentation/transport work and belongs in the infrastructure (presentation) layer, not in an application use-case file. CancelOrderDto extends it, so the application command depends on the HTTP contract."
e7-corpus-005-nestjslatam__ddd,nestjslatam__ddd,FF-N02,semantic,src/orders/application/use-cases/create-order/create-order.dto.ts,file,application,valid,pass,0.683333,0.028674,false,3,3,0,3,true,1,JC-N02-PERSISTENCE;JC-N02-TRANSPORT;JC-N02-FRAMEWORK;JC-N02-BUSINESS,"The file declares `CreateOrderDto`, a plain input shape. Its only extra content is structural and format checks from class-validator (`@IsString`, `@IsOptional`, `@IsEmail`). The layer model assigns `*.dto.ts` files to the application layer, and defining the input contract for a use case is that layer's role. The command and the service in the same use case consume this class. The file has no persistence, no HTTP handling, no routing and no framework wiring. It contains no business rules or domain invariants either. The doc comment calls the class a ""transport contract"" and mentions `ValidationPipe` and HTTP 400. That is a description, not logic: the code itself stays HTTP-agnostic. `@IsEmail` is a format check on input, not a business rule. One point is debatable. Some teams would keep transport-specific validation in a presentation-layer request DTO and give the application layer an undecorated one. This file carries no behaviour that would make that separation required, so I did not count it as a violation.",
e7-corpus-005-nestjslatam__ddd,nestjslatam__ddd,FF-N02,semantic,src/orders/application/use-cases/deliver-order/deliver-order.command-handler.ts,file,application,valid,pass,0.746667,0.037712,false,3,3,0,3,true,2,JC-N02-PERSISTENCE;JC-N02-TRANSPORT;JC-N02-FRAMEWORK;JC-N02-BUSINESS,"DeliverOrderCommandHandler.execute only does use-case orchestration, which is the application layer's role. It loads the aggregate through the repository, delegates the state change to the domain (order.deliver()), checks the validity result the domain reports (order.isValid / brokenRules), saves through the repository, and publishes domain events through EventPublisher. The file has no persistence code (no queries or ORM mapping), no transport code (no request or response handling) and no business rules of its own. Using NestJS's HTTP-flavoured NotFoundException leaks a little transport meaning, but it only signals that the order wasn't found and adds no transport responsibility. The import of the infrastructure OrderRepository is an import-direction question, which is out of scope.",
e7-corpus-005-nestjslatam__ddd,nestjslatam__ddd,FF-N02,semantic,src/orders/application/use-cases/deliver-order/deliver-order.command.ts,file,application,valid,pass,0.950000,0.000000,false,3,3,0,3,true,0,JC-N02-PERSISTENCE;JC-N02-TRANSPORT;JC-N02-FRAMEWORK;JC-N02-BUSINESS,"The file only defines DeliverOrderCommand, an immutable application-layer command object. Its constructor copies orderId from DeliverOrderDto. Mapping a DTO to a command is an application-layer job. The file has no persistence, transport or framework logic, and no business rules that belong in the domain layer.",
e7-corpus-005-nestjslatam__ddd,nestjslatam__ddd,FF-N02,semantic,src/orders/domain/events/order.events.ts,file,domain,valid,pass,0.936667,0.009428,false,3,3,0,3,true,2,JC-N02-PERSISTENCE;JC-N02-TRANSPORT;JC-N02-FRAMEWORK;JC-N02-BUSINESS,"The file has only immutable domain event classes. Each one is a constructor with readonly properties that carry domain data: IDs, amounts, statuses and timestamps. It has no persistence, transport, framework decorators, serialization or orchestration logic. It also has no business rules that belong in another layer. Domain events modelling things that happened in the Order aggregate are a domain-layer job. The import from @nestjslatam/ddd-lib is only used for the IdValueObject type. Import direction is out of scope for this rule.",
e7-corpus-005-nestjslatam__ddd,nestjslatam__ddd,FF-N02,semantic,src/orders/domain/validators/order-customer.validator.ts,file,domain,valid,pass,0.900000,0.000000,false,3,3,0,3,true,0,JC-N02-PERSISTENCE;JC-N02-TRANSPORT;JC-N02-FRAMEWORK;JC-N02-BUSINESS,"The file sits in the domain layer and only holds domain invariant validation for the Order aggregate's customer info. It checks that customer info, email and name are present, that email and phone have a valid format, and that the name has a minimum length. It has no persistence, transport, HTTP or framework orchestration logic. AbstractRuleValidator comes from a DDD support library (@nestjslatam/ddd-lib) for domain rule validation, not from a framework transport or persistence layer. Import direction is out of scope.",
e7-corpus-005-nestjslatam__ddd,nestjslatam__ddd,FF-N02,semantic,src/orders/domain/validators/order-item-product.validator.ts,file,domain,valid,pass,0.916667,0.012472,false,3,3,0,3,true,0,JC-N02-PERSISTENCE;JC-N02-TRANSPORT;JC-N02-FRAMEWORK;JC-N02-BUSINESS,"This file is a domain validator, and everything it does fits the domain layer. OrderItemProductValidator.addRules() checks the OrderItem's own state against business invariants: the product ID must be present, and the product name must be present and between 3 and 500 characters. It records failures with addBrokenRule. The file has no persistence, transport, HTTP, database or other framework logic. It does extend AbstractRuleValidator from @nestjslatam/ddd-lib, but that library provides DDD building blocks for domain modelling, not infrastructure. Whether that import is allowed is an import-direction question, which is out of scope here.",
e7-corpus-005-nestjslatam__ddd,nestjslatam__ddd,FF-N02,semantic,src/orders/infrastructure/repositories/order.repository.ts,file,infrastructure,valid,pass,0.930000,0.000000,false,3,3,0,3,true,0,JC-N02-PERSISTENCE;JC-N02-FRAMEWORK;JC-N02-BUSINESS,"The file sits in the infrastructure layer. Everything it does is persistence: an in-memory Map-backed repository for Order aggregates with save, findById, findAll, delete and exists. It contains no business rules, no domain invariants and no use-case orchestration. The @Injectable decorator is NestJS framework wiring, which belongs in infrastructure. Using order.id.getValue() as the storage key is a mechanical step for persistence, not business logic.",
e7-corpus-005-nestjslatam__ddd,nestjslatam__ddd,FF-N02,semantic,src/orders/presentation/orders.controller.ts,file,infrastructure,valid,pass,0.930000,0.000000,false,3,3,0,3,true,0,JC-N02-PERSISTENCE;JC-N02-TRANSPORT;JC-N02-FRAMEWORK;JC-N02-BUSINESS,"OrdersController sits in the infrastructure layer, and everything in it is transport work. The NestJS route decorators map HTTP routes. Params, query strings and bodies are pulled out of the request and turned into use-case input objects or CQRS queries, and the work is handed to application services or the QueryBus. The file sets HTTP status codes and shapes the response, as in `createOrder` returning `{ id }`. It contains no business rules: no order state-transition checks, no quantity validation and no pricing. It also contains no persistence logic. That role fits an infrastructure/presentation adapter.",
e7-corpus-005-nestjslatam__ddd,nestjslatam__ddd,FF-N02,semantic,src/products/application/events/product-created.event-handler.ts,file,application,valid,pass,0.880000,0.000000,false,3,3,0,3,true,0,JC-N02-PERSISTENCE;JC-N02-TRANSPORT;JC-N02-FRAMEWORK;JC-N02-BUSINESS,"This file is in the application layer. It holds an event handler that reacts to a domain event, ProductCreatedEvent, and only logs it. Reacting to domain events is normal application-layer work. The handler has no persistence, transport or business rules, so nothing in it belongs to another layer. It uses NestJS CQRS decorators and Logger, but that is a framework hook used to wire up the handler, not infrastructure logic. Some comments list possible future work, such as caching and external integrations, but they are not code.",
e7-corpus-005-nestjslatam__ddd,nestjslatam__ddd,FF-N02,semantic,src/products/application/use-cases/delete-product/delete-product.command-handler.ts,file,application,valid,fail,0.616667,0.023570,false,3,3,3,0,true,1,JC-N02-PERSISTENCE;JC-N02-TRANSPORT;JC-N02-FRAMEWORK,"The orchestration in execute() is a proper application-layer job: it checks that the product exists, then calls the repository to delete it. The @CommandHandler decorator is ordinary NestJS CQRS wiring for a use case, so I accept it here. The problem is the failure path. When the product is missing, the handler throws NotFoundException from @nestjs/common. That is an HTTP exception that maps to a 404 response, so the use case is deciding the transport-level result itself. That decision belongs to the presentation/infrastructure layer, for example a controller or an exception filter that turns an application error into an HTTP status. The use case should instead throw an application or domain error such as ProductNotFoundError. The import of the infrastructure ProductRepository is an import-direction issue, so it is out of scope and not judged. My confidence is moderate because many NestJS codebases accept this pattern.","DeleteProductCommandHandler.execute() throws NestJS's HTTP NotFoundException (404). Choosing the HTTP status is a transport job that belongs to the presentation/infrastructure layer, such as a controller or exception filter. The use case should throw an application or domain error, such as ProductNotFoundError, and let the presentation layer turn it into a 404."
e7-corpus-005-nestjslatam__ddd,nestjslatam__ddd,FF-N02,semantic,src/products/application/use-cases/delete-product/delete-product.command.ts,file,application,valid,pass,0.970000,0.000000,false,3,3,0,3,true,0,JC-N02-PERSISTENCE;JC-N02-TRANSPORT;JC-N02-FRAMEWORK;JC-N02-BUSINESS,"The file holds one plain command object, DeleteProductCommand, with a single readonly productId field that is set in the constructor. A command message like this is a normal application-layer responsibility in CQRS and use-case designs. The file has no persistence, transport, framework or HTTP logic, and it has no domain business rules. Everything in it belongs to the application layer.",
e7-corpus-005-nestjslatam__ddd,nestjslatam__ddd,FF-N02,semantic,src/products/domain/product-aggregate/events/ProductStatusChanged.ts,file,domain,valid,pass,0.823333,0.020548,false,3,3,0,3,true,2,JC-N02-PERSISTENCE;JC-N02-TRANSPORT;JC-N02-FRAMEWORK;JC-N02-BUSINESS,"The file defines a domain event, ProductStatusChangedEvent, that carries productId and productStatus. This is a normal domain-layer job: it records a business fact that happened on the Product aggregate. The static fromJSON factory rebuilds the event from a plain record using helpers from the base class (extractMetadata and extractEventData). It does no I/O and does not touch any transport or persistence framework. It is a small rebuild factory, which is common for domain events in DDD libraries, so it does not count as infrastructure logic. The file contains no business rules that belong elsewhere and no repository, HTTP or database code.",
e7-corpus-005-nestjslatam__ddd,nestjslatam__ddd,FF-N02,semantic,src/products/domain/product-aggregate/validators/product-business-rules.validator.ts,file,domain,valid,pass,0.906667,0.009428,false,3,3,0,3,true,0,JC-N02-PERSISTENCE;JC-N02-TRANSPORT;JC-N02-FRAMEWORK;JC-N02-BUSINESS,"The file sits in the domain layer and holds only domain business-rule validation for the Product aggregate. ProductBusinessRulesValidator.addRules() reads the aggregate's value objects (name, price, description) and records broken rules through addBrokenRule. It does no persistence, transport, HTTP or framework work, and it has no application orchestration. The base class AbstractRuleValidator comes from a DDD library, which is a domain-modeling helper and not infrastructure. Import direction is out of scope for this rule.",
e7-corpus-005-nestjslatam__ddd,nestjslatam__ddd,FF-N02,semantic,src/products/domain/product-aggregate/validators/product-status.validator.ts,file,domain,valid,pass,0.900000,0.000000,false,3,3,0,3,true,0,JC-N02-PERSISTENCE;JC-N02-TRANSPORT;JC-N02-FRAMEWORK;JC-N02-BUSINESS,"The file is a domain validator for the Product aggregate. Its only job is checking domain invariants: status must be present, status must be a valid ProductStatus value, and an ACTIVE product cannot have a zero price. These are business rules, so they belong in the domain layer. The file has no persistence, transport, HTTP or framework orchestration logic. It extends AbstractRuleValidator from a DDD support library, which is a domain-modeling base class and not infrastructure. Whether that import is allowed is an import-direction question, which is out of scope here.",
e7-corpus-005-nestjslatam__ddd,nestjslatam__ddd,FF-N02,semantic,src/products/infrastructure/repositories/product.repository.ts,file,infrastructure,valid,pass,0.930000,0.000000,false,3,3,0,3,true,0,JC-N02-PERSISTENCE;JC-N02-TRANSPORT;JC-N02-FRAMEWORK;JC-N02-BUSINESS,"The file sits in the infrastructure layer, and everything it does is persistence work, which is the job of that layer. ProductRepository keeps Product aggregates in an in-memory Map and has only storage methods: save, findById, findAll, delete and exists. It has no business rules, no validation, no orchestration that would belong in the application layer, and no transport or presentation logic. Using the NestJS @Injectable decorator is framework wiring, which is also fine in infrastructure. The application handlers inject the concrete repository rather than a port, but that is a dependency-direction concern and out of scope for this rule.",
e7-corpus-005-nestjslatam__ddd,nestjslatam__ddd,FF-N02,semantic,src/products/presentation/products.controller.ts,file,infrastructure,valid,pass,0.930000,0.000000,false,3,3,0,3,true,0,JC-N02-PERSISTENCE;JC-N02-TRANSPORT;JC-N02-FRAMEWORK;JC-N02-BUSINESS,"ProductsController sits in the infrastructure layer (presentation/transport). It only does transport-adapter work: it declares HTTP routes and status codes with NestJS decorators, pulls path, query and body parameters, builds query objects, and hands the work to application services or the QueryBus. It holds no business rules (no validation logic, no status-transition checks, no computations) and does no persistence. Wrapping the created id as { id } is response shaping, which is normal transport work. All of its responsibilities fit an infrastructure/presentation adapter.",
e7-corpus-008-raouf-b-dev__ecommerce-store-api,raouf-b-dev__ecommerce-store-api,FF-N01,integrity,src/infrastructure,module,infrastructure,valid,pass,0.700000,0.028284,false,3,3,0,3,true,0,JC-N01-SPLIT;JC-N01-DUP;JC-N01-BYPASS,"This unit passes. The src/infrastructure module is the infrastructure composition root, and its six files share one concern: cross-cutting technical adapters. They cover the idempotency decorator and interceptor, the domain event publisher adapter, logging, tracing bootstrap, and the global Nest module that wires these together. Each piece goes through the module's own abstractions: - IdempotencyInterceptor depends on the IdempotencyStore port, not on Redis directly. - The @Idempotent decorator is a thin wrapper around that interceptor, so the idempotency logic lives in one place. - EventEmitter2DomainEventPublisher implements the DomainEventPublisher port and is bound to it in InfrastructureModule. - WinstonLoggerService reads its settings through EnvConfigService and gets correlation IDs from CorrelationService. - Middleware order is defined once, in InfrastructureModule.configure. There are some small inconsistencies, but none rises to a rubric failure: - tracing.ts reads process.env (NODE_ENV, OTEL_*) directly instead of using EnvConfigService. This is defensible because the OTel SDK has to start before Nest bootstraps. - The interceptor uses the Redis-specific constant IDEMPOTENCY_REDIS.RETRY_AFTER_SECONDS. - The winston file shows the same DailyRotateFile settings several times. That is repetition inside one file, not a rule or invariant spread across files. I found no unrelated concerns, no duplicated invariant across files, and no clear bypass of the module's abstractions.",
e7-corpus-008-raouf-b-dev__ecommerce-store-api,raouf-b-dev__ecommerce-store-api,FF-N01,integrity,src/infrastructure/jwt/services,module,application,valid,pass,0.816667,0.023570,false,3,3,0,3,true,1,JC-N01-SPLIT;JC-N01-DUP;JC-N01-BYPASS,"Both files handle one concern: RS256 JWT key material and verification. jwks.service.ts derives the public CryptoKey, kid and JWKS from the configured private key and implements JwksPort. jwt-verifier.service.ts uses that key only through the JwksPort abstraction (constructor-injected, getPublicKey()), not by reaching into JwksService internals. Each file owns its own rules. Key handling (RS256, kid thumbprint, private-field stripping) lives only in jwks.service.ts. Verification policy (VERIFY_OPTIONS issuer/clockTolerance, token-type checks, payload narrowing) lives only in jwt-verifier.service.ts. Neither file repeats a rule from the other. The three private assert helpers repeat the shared checks on sub/iss/iat/exp, but that is minor repetition inside one class, not a split invariant or a bypassed abstraction.",
e7-corpus-008-raouf-b-dev__ecommerce-store-api,raouf-b-dev__ecommerce-store-api,FF-N01,integrity,src/modules/analytics/core/application/queries,module,domain,valid,pass,0.746667,0.037712,false,3,3,0,3,true,0,JC-N01-DUP,"All five files cover one concern: they are input shapes for analytics read queries. They contain only type declarations, with no logic, so no rule or invariant is repeated in executable code. TopProductsQuery and PaymentsTimeSeriesQuery both extend the shared AnalyticsPeriodQuery. PaymentsTimeSeriesQuery takes its AnalyticsBucket type from analytics.policy, so it doesn't redefine bucket values locally. One small inconsistency: AnalyticsOverviewQuery declares its own from/to fields instead of extending AnalyticsPeriodQuery. That repeats two fields, not a business rule, and it may be intentional because the overview query also carries the comparison window that the use case computes. It is worth tidying up, but it is not enough to fail the unit.",
e7-corpus-008-raouf-b-dev__ecommerce-store-api,raouf-b-dev__ecommerce-store-api,FF-N01,integrity,src/modules/analytics/primary-adapters/dto,module,application,valid,fail,0.693333,0.009428,false,3,3,3,0,true,0,JC-N01-DUP;JC-N01-BYPASS,"The unit is one cohesive concern: HTTP query and response DTOs plus one validator for the analytics controller. Most files use the module's policy constants consistently. AnalyticsPeriodQueryDto is the shared base for the period queries. ANALYTICS_MAX_RANGE_DAYS is read from analytics.policy by both the validator and the query DTO. The attention statuses come from ATTENTION_ORDER_STATUSES. PaymentsTimeSeriesQueryDto takes the bucket whitelist from ANALYTICS_BUCKETS / AnalyticsBucket. However, PaymentsTimeSeriesResponseDto skips that abstraction: it hard-codes the bucket list as the literal type 'day' | 'week' and enum ['day', 'week']. The same invariant (the allowed bucket sizes) is therefore defined in two places. If the policy changes, the query and response contracts will drift apart. The hard-coded 'UTC' timezone literal is repeated in three response DTOs, which is a smaller instance of the same pattern.","PaymentsTimeSeriesResponseDto.bucket hard-codes `enum: ['day', 'week']` and the type `'day' | 'week'` instead of using ANALYTICS_BUCKETS / AnalyticsBucket from analytics.policy. PaymentsTimeSeriesQueryDto uses those policy constants, so the bucket whitelist is now defined in two places and the two contracts can drift apart."
e7-corpus-008-raouf-b-dev__ecommerce-store-api,raouf-b-dev__ecommerce-store-api,FF-N01,integrity,src/modules/authentication/core/application/ports,module,domain,valid,pass,0.740000,0.028284,false,3,3,0,3,true,1,JC-N01-SPLIT;JC-N01-DUP;JC-N01-BYPASS,"This module only declares the authentication module's outbound ports, and all three files serve that one concern. identity.gateway.ts (IdentityGateway, UserRecord, CreateUserInput) covers user identity. authorization.gateway.ts (AuthorizationGateway, RoleRecord) covers role assignment and lookup. jwt-signer.port.ts (JwtSignerPort and its payload and result types) covers token signing. No file repeats a rule or invariant from another: UserRecord and RoleRecord do not overlap, and the mustChangePassword claim rule is documented only in SignAccessTokenPayload. The use cases inject all three ports, and adapters and mocks implement them, so nothing bypasses the abstractions. There are three small inconsistencies. JwtSignerPort returns plain Promise<string> while the gateways return Result<..., InfrastructureError>. signCartSessionToken brings a cart concern into the auth signer, but it is still token signing. File suffixes mix .gateway.ts and .port.ts. None of these splits the module into unrelated concerns or duplicates a rule, so the unit passes.",
e7-corpus-008-raouf-b-dev__ecommerce-store-api,raouf-b-dev__ecommerce-store-api,FF-N01,integrity,src/modules/authentication/core/application/seed,module,domain,valid,fail,0.763333,0.026247,false,3,3,3,0,true,2,JC-N01-DUP,"Both files serve the same concern (seeding auth users), but each one carries its own full copy of the user-provisioning saga, so the same rollback rule lives in two places. The steps are: find the user by email, hash the password, create the identity, save the credential with mustChangePassword true, assign the role, and roll back in reverse order on failure. The copies have already drifted. The super-admin use case checks for a minimum password length of 6; the demo seeder doesn't. The demo seeder resets the credentials of existing users; the super-admin use case doesn't. Only the demo seeder passes phone to createUser. The result types differ too: only SeededDemoAuthUser includes userId. SeedDemoAuthUsersUseCase also seeds a super admin itself instead of reusing SeedSuperAdminUseCase, so the module has two independent ways to create a super admin.","SeedSuperAdminUseCase.execute repeats the user-provisioning saga from SeedDemoAuthUsersUseCase.seedUser: create identity, save credential with mustChangePassword, assign role, and roll back in reverse order. It also checks password length inline (< 6), a rule the other seeding path doesn't apply. | SeedDemoAuthUsersUseCase.seedUser has its own copy of the provisioning and rollback flow, and seeds a SUPER_ADMIN itself instead of sharing code with SeedSuperAdminUseCase. The copies already differ: it resets existing users, passes phone, and skips the password check."
e7-corpus-008-raouf-b-dev__ecommerce-store-api,raouf-b-dev__ecommerce-store-api,FF-N01,integrity,src/modules/authentication/primary-adapters/dto,module,application,valid,fail,0.600000,0.000000,false,3,3,3,0,true,0,JC-N01-DUP;JC-N01-BYPASS,"All seven files serve one concern: the HTTP request and response contracts for the authentication controller. They use the same abstractions throughout (@nestjs/swagger ApiProperty plus class-validator decorators), and nothing bypasses the module's abstractions. The one problem is the password-length rule. ""At least 6 characters"" is hardcoded as a literal in two separate DTOs, and in each one it is written twice: once in the class-validator `@MinLength(6)` and once in the Swagger `minLength: 6`. ChangePasswordDto.newPassword and RegisterDto.password should enforce the same password policy, but nothing shares it, such as a constant or a composed decorator. If someone changes it in one place, registration and password change can silently end up with different rules, and the API docs can disagree with the actual validation. Other repetition is acceptable as boundary-contract duplication: the email `@IsEmail()` checks and the phone/name fields that appear in both RegisterDto and RegisterResponseDto. Repeated decorators are common in DTOs, which is why confidence is moderate.","ChangePasswordDto.newPassword hardcodes the password minimum length (@MinLength(6) and Swagger minLength: 6). The same rule is repeated in RegisterDto.password, so the password policy is not defined in one place. | RegisterDto.password repeats the hardcoded password minimum length (@MinLength(6) and Swagger minLength: 6) that is also in ChangePasswordDto.newPassword. Move it to a shared constant or decorator."
e7-corpus-008-raouf-b-dev__ecommerce-store-api,raouf-b-dev__ecommerce-store-api,FF-N01,integrity,src/modules/authorization,module,infrastructure,valid,pass,0.850000,0.000000,false,3,3,0,3,true,0,JC-N01-DUP,"Both unit files are thin HTTP adapters for one concern: managing roles and permissions in the authorization module. They follow the same pattern. Each class is protected by the module's own `RequirePermissions` decorator, injects application use cases from `core/application/usecases`, documents responses with DTOs from `primary-adapter/dto`, and returns the use case result without adding business logic in the controller. Neither file goes around the module's abstractions, for example by accessing repositories or the ORM directly. No rule or invariant is duplicated. The class-level `@RequirePermissions('manage_roles')` on each controller is the usual way to declare access per route group. The method-level override on `RolesController.findAll` (`'manage_roles', 'view_all_users'`) is a deliberate refinement of that rule, not a copy of it. The controllers sit at the module root rather than under `primary-adapter/`, which is a minor placement inconsistency, but it does not break cohesion or how the abstractions are used.",
e7-corpus-008-raouf-b-dev__ecommerce-store-api,raouf-b-dev__ecommerce-store-api,FF-N01,integrity,src/modules/authorization/secondary-adapter/repositories,module,infrastructure,valid,pass,0.816667,0.023570,false,3,3,0,3,true,2,JC-N01-BYPASS,"The four files all handle persistence for the authorization module's domain repository ports, and they follow the same conventions: - Each class implements a domain port (`RoleRepository`, `PermissionRepository`, `UserRoleAssignmentRepository`). - Each returns `Result<T, RepositoryError>` and wraps failures with `ErrorFactory.RepositoryError`. - Each converts between ORM and domain objects through its own mapper (`RoleMapper`, `PermissionMapper`, `UserRoleAssignmentMapper`). `CachedRoleRepository` wraps any `RoleRepository` and delegates all persistence to it, so it never touches the ORM directly. It adds caching only around permission codes. The cache-key rule (`rolePermissionsCacheKey`) and the invalidation logic (`invalidatePermissionCache`) each live in one place. The rule for syncing the role-permission join table lives only in `PostgresRoleRepository.syncRolePermissions`. That method reads `PermissionEntity` through the transaction's entity manager. This is a reasonable choice for transactional consistency inside the same persistence adapter, not a bypass. Minor inconsistencies are style, not cohesion problems: - `postgres-user-role-assignment.repository.ts` uses absolute `src/` imports where the others use relative paths. - In that same file, the `UserRoleAssignmentEntity` repository field is named `roleRepo`. - `findAll` uses `entities.map(RoleMapper.toDomain)` where the permission repository uses `PermissionMapper.toDomainArray`.",
e7-corpus-008-raouf-b-dev__ecommerce-store-api,raouf-b-dev__ecommerce-store-api,FF-N01,integrity,src/modules/carts,module,infrastructure,valid,pass,0.863333,0.012472,false,3,3,0,3,true,2,JC-N01-SPLIT;JC-N01-DUP;JC-N01-BYPASS,"The unit has one file, src/modules/carts/carts.controller.ts, and it covers a single concern: the HTTP surface for cart management. Each endpoint is a thin adapter. It reads the route params, body DTO and CallerContext, then passes them to the matching application use case. The controller holds no business rules, such as quantity checks, ownership checks or cart creation logic, so no invariant is duplicated here that should live in the use cases or the domain. It uses the module's own abstractions consistently. Every handler goes through an injected use case, and none reaches into a repository or ORM directly. Every handler receives the caller through @CallerCtx(). Authorization is declared once, at class level, with @RequirePermissions('manage_own_cart'), not repeated on each method. One small inconsistency: the controller sits at the module root instead of under the module's primary-adapters/ folder, where its DTOs live. That is a matter of where the file is placed, not a split in concerns or a bypass of the module's abstractions, so it does not fail the rubric.",
e7-corpus-008-raouf-b-dev__ecommerce-store-api,raouf-b-dev__ecommerce-store-api,FF-N01,integrity,src/modules/carts/core/application,module,domain,valid,pass,0.706667,0.009428,false,3,3,0,3,true,2,JC-N01-DUP;JC-N01-BYPASS,"All three files support the carts application layer and fit together. `cart-presentation.result.ts` defines the read-model contract (`CartPresentationDTO`, `CartItemPresentationDTO`). `cart-presentation.mapper.ts` builds that contract from the `Cart` domain entity and uses the entity's own values (`totalAmount`, `itemCount`, `item.subtotal`) instead of recalculating them. `cart-ownership.validator.ts` holds the cart access/ownership rule in one injectable class, which four use cases inject (AddCartItem, ClearCart, RemoveCartItem, UpdateCartItem), so the rule lives in one place. None of the files duplicates a rule or invariant held by another file in the unit. None bypasses the module's abstractions: the validator uses the shared-kernel `Result`, `ErrorFactory` and `CallerContext`/`isSystemCaller` the way the rest of the module does. There are two minor concerns, and neither fails the rubric on the material provided: 1. `CartPresentationMapper.fromDomain` hardcodes `shippingCost = 0` and calculates `totalAmount` as subtotal + shippingCost. That is a small pricing rule inside a mapper. 2. `secondary-adapters/mappers/query/cart-query.mapper.ts` also uses the presentation DTO and may repeat this calculation, but that file is not part of this unit and could not be checked.",
e7-corpus-008-raouf-b-dev__ecommerce-store-api,raouf-b-dev__ecommerce-store-api,FF-N01,integrity,src/modules/identity/core/application/usecases/address,module,domain,valid,fail,0.630000,0.014142,false,3,3,3,0,true,1,JC-N01-DUP;JC-N01-BYPASS,"All four use cases share one concern: changing a user's addresses through the User aggregate. Each one loads with userRepository.findByIdForUpdate, calls an aggregate method, then calls save. That part is consistent. However, two rules are copied into all four use cases, and the copies differ. (1) Each file repeats the rule that a failed ownership check is reported as 'not found'. Only the add use case passes HttpStatus.NOT_FOUND; the other three use the ErrorFactory default. Callers therefore get different HTTP behaviour for the same failure. (2) The same is true of the 'user not found' handling after loading the user. The message also differs: 'User not found' in add and delete, versus `User with id ${userId} not found` in set-default and update. In addition, the input types are defined two ways. Add and update take command classes from application/commands. Delete and set-default each declare their own input interface inside the use-case file. The code also checks for failure two ways: isFailure(userResult) in some places and userResult.isFailure in others. Because these checks are copied instead of kept in one place, the unit fails the rubric.","The 'not found' handling for a failed ownership check and a missing user is copied here, and it differs from the other use cases: this file passes HttpStatus.NOT_FOUND explicitly and the others don't. This rule should live in one shared place. | This file declares its own DeleteAddressInput instead of using the command classes that the sibling use cases use. It also repeats the ownership and missing-user checks without the NOT_FOUND status and with the message 'User not found'. | This file declares its own SetDefaultAddressInput instead of using a command class. It also repeats the ownership and missing-user checks, and its handling differs from the add use case. | This file repeats the ownership and missing-user checks but leaves out the HttpStatus.NOT_FOUND that the add use case passes."
e7-corpus-008-raouf-b-dev__ecommerce-store-api,raouf-b-dev__ecommerce-store-api,FF-N01,integrity,src/modules/identity/core/domain/repositories,module,domain,valid,pass,0.706667,0.018856,false,3,3,0,3,true,0,JC-N01-DUP;JC-N01-BYPASS,"Both files define abstract repository classes for entities in the identity domain, so the unit serves one concern. `AddressRepository` is the port for `Address` and `UserRepository` is the port for `User`. Both use the same shared-kernel types: every method returns `Promise<Result<..., RepositoryError>>`. Neither file holds business rules or invariants, so nothing is duplicated, and neither bypasses the module's abstractions. There are some style inconsistencies, but none of them breaks the rule: - **Import paths:** `address.repository.ts` imports `src/shared-kernel/...` by absolute path, while `user.repository.ts` uses relative paths. - **Write methods:** `AddressRepository` has separate `create` and `update` methods. `UserRepository` has a single `save` with optimistic concurrency through `expectedVersion` and `findByIdForUpdate`. - **Empty results:** `AddressRepository.findByUserId` returns `Address[] | null`, while `UserRepository.findAll` returns `User[]`. One open question: the graph shows address use cases (`AddAddressUseCase`, `DeleteAddressUseCase`) injecting `UserRepository`. That could mean `Address` belongs to the `User` aggregate and that `AddressRepository` overlaps with it. The material I was given doesn't show whether those use cases also inject `AddressRepository`, or how `User` stores addresses. I can't confirm a duplicated persistence path from that alone.",
e7-corpus-008-raouf-b-dev__ecommerce-store-api,raouf-b-dev__ecommerce-store-api,FF-N01,integrity,src/modules/identity/primary-adapters/dto,module,application,valid,fail,0.666667,0.041096,false,3,3,3,0,true,1,JC-N01-DUP;JC-N01-BYPASS,"All seven files serve one concern: the HTTP request and response DTOs for the identity module (users and addresses). The unit still fails because two rules are written out in more than one place. (1) The role-code format regex /^[A-Z][A-Z0-9_]*$/ is copied into AssignRoleDto and ListUsersQueryDto, and the two copies already have different error messages. (2) UpdateAddressDto repeats every field and validator from AddAddressDto, only adding @IsOptional to each, instead of being derived from it. If either rule changes, several files must be edited by hand. Smaller consistency issues: update-address.dto.ts imports AddressType with an 'src/...' path while the other address DTOs use a relative path, and AddressResponseDto types its timestamps as Date while the user response DTOs use ISO strings.","The role-code format regex /^[A-Z][A-Z0-9_]*$/ on AssignRoleDto.roleCode is also in ListUsersQueryDto, with a different message. It should be defined once and reused. | ListUsersQueryDto.roleCode repeats the role-code regex from AssignRoleDto instead of using a shared definition. | UpdateAddressDto repeats every address field and validator from AddAddressDto instead of being derived from it (e.g. PartialType/OmitType). It also imports AddressType with an 'src/...' path, unlike the other address DTOs."
e7-corpus-008-raouf-b-dev__ecommerce-store-api,raouf-b-dev__ecommerce-store-api,FF-N01,integrity,src/modules/inventory,module,infrastructure,valid,pass,0.850000,0.000000,false,3,3,0,3,true,0,JC-N01-DUP;JC-N01-BYPASS,"The unit has a single file, src/modules/inventory/inventory.controller.ts, and it handles one concern: exposing inventory operations over HTTP. Every handler is a thin delegate that passes request data to the matching injected use case (GetInventoryUseCase, ListInventoryUseCase, AdjustStockUseCase, ReserveStockUseCase, ReleaseStockUseCase, CheckStockUseCase, ListLowStockUseCase, BulkCheckStockUseCase). The only mapping happens in adjustStock and checkStock, which combine the productId path parameter with body or query data. The controller does not reach past the use cases into repositories or domain entities, and it contains no business logic. Two domain rules are only described in Swagger text, not implemented here: missing inventory counts as unavailable, and the low-stock threshold. Those rules presumably live in the use cases. The controller uses the module's request and response DTOs from primary-adapters/dto consistently. Repeating the permission strings in @RequirePermissions is ordinary declarative metadata, not a duplicated invariant. Import direction and layer placement are out of scope.",
e7-corpus-008-raouf-b-dev__ecommerce-store-api,raouf-b-dev__ecommerce-store-api,FF-N01,integrity,src/modules/orders/core/domain/interfaces,module,domain,valid,pass,0.816667,0.028674,false,3,3,0,3,true,0,JC-N01-DUP,"The three files cover a single concern: the data shapes of the Order aggregate, meaning the order, its line items and its shipping address. order.interface.ts builds IOrder and IOrderEditable from IOrderItem and the shipping-address interfaces instead of redefining their fields. Address fields are declared only once, in IShippingAddressEditable, and IShippingAddress extends it with an id. IOrderEditable follows the same pattern by reusing IShippingAddressEditable. No rule or invariant is repeated: the totals fields (lineTotal, subtotal, totalPrice) are only declared, and no file computes them. No file goes around the module's own abstractions. Two small points don't change the result. IOrderItem has no 'Editable' variant, unlike the order and address interfaces. And the header comment in order.interface.ts gives an old path (src/modules/orders/domain/interfaces/...) instead of the real location under core/domain. Import paths are out of scope.",
e7-corpus-008-raouf-b-dev__ecommerce-store-api,raouf-b-dev__ecommerce-store-api,FF-N01,integrity,src/modules/orders/secondary-adapters/dto,module,application,valid,pass,0.900000,0.000000,false,3,3,0,3,true,0,JC-N01-DUP,"The unit is a single file that declares one interface, RawOrderListQueryRow. It describes the raw row shape that the TypeORM query builder returns for order list projections. That is one concern. The file holds no logic and no invariants, so no rule can be duplicated across files. Nothing in it goes around the module's own abstractions. The only consumers are the query adapter, the query mapper and a testing factory, all of which work with raw persistence rows. That matches the interface's stated purpose. Its placement under the secondary-adapters folder is a layer question, which is out of scope here.",
e7-corpus-008-raouf-b-dev__ecommerce-store-api,raouf-b-dev__ecommerce-store-api,FF-N01,integrity,src/modules/payments/primary-adapters/dto,module,application,valid,fail,0.626667,0.024944,false,3,3,3,0,true,2,JC-N01-DUP,"All eight files cover one concern: the request and response DTOs for the payments HTTP endpoints. That part is fine. The problem is how they use the module's types and where they put their rules. 1. **Status and payment-method types are inconsistent.** `PaymentResponseDto` types `status` as `PaymentStatusType` and `paymentMethod` as `PaymentMethodType`. `CreatePaymentDto` validates `paymentMethod` with `@IsEnum(PaymentMethodType)`. But `PaymentDetailResponseDto`, `PaymentListItemResponseDto` and `ListPaymentsQueryDto` use plain `string` for status and payment method. The query filter `status` has no enum validation at all. So those three files skip the enum types their sibling files use. 2. **The payment read model is defined three times.** `PaymentResponseDto`, `PaymentDetailResponseDto` and `PaymentListItemResponseDto` repeat mostly the same fields (id, orderId, userId, amount, currency, status, paymentMethod, transactionId, createdAt) without sharing a base. The copies have already drifted: - dates are `Date` in one and `string` in the others; - `userId` and `transactionId` are optional in one and required in the others; - `gatewayPaymentIntentId` is optional in one and required-but-nullable in another. 3. **The positive-amount rule is repeated with different values.** `CreatePaymentDto.amount` uses `@Min(0)`, which lets a zero payment through. `ProcessRefundDto.amount` and `RecordCodPaymentDto.amountCollected` use `@Min(0.01)`. 4. **Pagination limits are documented but not enforced.** `ListPaymentsQueryDto` declares a minimum and maximum for `page` and `limit` only in the Swagger `@ApiPropertyOptional` metadata. There are no `@Min`/`@Max` validators, so the API docs describe a rule that is never checked. Confidence is moderate because some of the divergence could be on purpose, for example different minimums for payments and refunds.","`status` and `paymentMethod` are plain `string`, not the module's `PaymentStatusType`/`PaymentMethodType` used in `PaymentResponseDto`. It also repeats the payment read-model fields of `PaymentListItemResponseDto` and `PaymentResponseDto`, with different date types (string vs Date) and different optional/required fields. | `PaymentListItemResponseDto` repeats the payment read-model fields of `PaymentDetailResponseDto` instead of sharing them, and types `status`/`paymentMethod` as `string` instead of the module enums. | The `status` filter is an unvalidated `string`, not `PaymentStatusType`. The page/limit bounds (min 1, max 100) appear only in Swagger metadata, with no `@Min`/`@Max` validators to enforce them. | `amount` uses `@Min(0)`, while `ProcessRefundDto` and `RecordCodPaymentDto` use `@Min(0.01)`. The positive-amount rule is repeated with values that disagree."
e7-corpus-008-raouf-b-dev__ecommerce-store-api,raouf-b-dev__ecommerce-store-api,FF-N01,integrity,src/modules/payments/secondary-adapters/orm,module,infrastructure,valid,pass,0.823333,0.020548,false,3,3,0,3,true,2,JC-N01-DUP;JC-N01-BYPASS,"Both files do one job: they define the TypeORM persistence schema for the payments aggregate. PaymentEntity maps the 'payments' table and RefundEntity maps the 'refunds' table. They are linked by a matching two-way relationship: PaymentEntity.refunds uses OneToMany, and RefundEntity.payment uses ManyToOne with JoinColumn 'payment_id'. Both files follow the same conventions: snake_case column names, the same decimal(10,2) setting for money, varchar(3) for currency, and the same created_at and updated_at date columns. Neither file holds business logic or an invariant that is repeated elsewhere. One small inconsistency: RefundEntity.status is typed as plain string, while PaymentEntity.status uses the domain type PaymentStatusType. No refund-status type appears in the provided material, so this is not clearly a bypass of an existing abstraction, and it is not enough to fail the unit.",
e7-corpus-008-raouf-b-dev__ecommerce-store-api,raouf-b-dev__ecommerce-store-api,FF-N01,integrity,src/modules/products/primary-adapters/dto,module,application,valid,pass,0.746667,0.037712,false,3,3,0,3,true,1,JC-N01-SPLIT;JC-N01-DUP;JC-N01-BYPASS,"All eight files share one job: they are the HTTP request and response contracts for the products module's primary adapters, covering products and categories. Every file uses the same tools in the same way: class-validator for input validation, class-transformer for converting query-string values, and @nestjs/swagger for API docs. The update DTOs reuse the create DTOs through PartialType instead of redefining fields. ProductDetailResponseDto extends ProductListItemResponseDto, so the list fields are defined once. PaginatedProductsResponseDto builds on the list item DTO. No file reaches around these shared pieces with ad-hoc validation or parsing. There is one small repeat: the same `isActive` query-string-to-boolean conversion appears in both list-query DTOs. It is a two-line piece of input parsing, not a business rule, so it is not enough to fail the module. Products and categories belong to the same bounded module, as the folder structure shows, so having DTOs for both is not a split into unrelated concerns.",
e7-corpus-008-raouf-b-dev__ecommerce-store-api,raouf-b-dev__ecommerce-store-api,FF-N02,semantic,src/infrastructure/jobs/retry-config.ts,file,infrastructure,valid,pass,0.900000,0.000000,false,3,3,0,3,true,0,JC-N02-BUSINESS,"The file only holds configuration for retrying background jobs: a BackoffStrategy enum, a RetryConfig interface and a DEFAULT_RETRY_CONFIG constant. Retry, backoff and job settings are technical concerns, and they belong in the infrastructure layer. The file has no business rules, no domain invariants and no presentation logic. Only infrastructure job files import it (job-config.service.ts, job-retry-policies.ts and retry-strategy.ts), which fits its role as infrastructure configuration.",
e7-corpus-008-raouf-b-dev__ecommerce-store-api,raouf-b-dev__ecommerce-store-api,FF-N02,semantic,src/infrastructure/redis/redis-cache-recovery.service.ts,file,infrastructure,valid,pass,0.900000,0.000000,false,3,3,0,3,true,0,JC-N02-PERSISTENCE;JC-N02-TRANSPORT;JC-N02-BUSINESS,"The file sits in src/infrastructure and its job is technical cache maintenance for Redis. It reacts to Redis reconnect events, bumps the cache generation, drops RediSearch indexes from the previous generation, clears the cache-aside 'is cached' flags, sets the indexes up again, and records a metric and a log entry when recovery fails. All of this is persistence and caching infrastructure. It contains no business or domain rules and no transport or presentation logic. The '.service.ts' suffix could also match the application file pattern, but the file is under src/infrastructure/** and its responsibilities belong to infrastructure.",
e7-corpus-008-raouf-b-dev__ecommerce-store-api,raouf-b-dev__ecommerce-store-api,FF-N02,semantic,src/infrastructure/shutdown/shutdown.service.ts,file,infrastructure,valid,pass,0.900000,0.000000,false,3,3,0,3,true,0,JC-N02-FRAMEWORK;JC-N02-BUSINESS,"The rule passes. ShutdownService belongs to the infrastructure layer, and everything it does is infrastructure work. It hooks into the NestJS lifecycle (BeforeApplicationShutdown and OnApplicationShutdown). It starts a safety timer that forces the process to exit if shutdown stalls, and it uses unref so that timer doesn't keep the process alive. It also logs and tracks whether shutdown has started. It implements a domain-defined port (ApplicationLifecyclePort), which is the normal pattern for an infrastructure adapter. The file contains no business rules, domain invariants or use-case orchestration. The *.service.ts filename matches an application-layer pattern, but the declared layer is infrastructure and the work done fits that layer.",
e7-corpus-008-raouf-b-dev__ecommerce-store-api,raouf-b-dev__ecommerce-store-api,FF-N02,semantic,src/modules/analytics/core/application/queries/results/analytics-overview.result.ts,file,domain,valid,pass,0.740000,0.028284,false,3,3,0,3,true,2,JC-N02-PERSISTENCE;JC-N02-TRANSPORT;JC-N02-FRAMEWORK;JC-N02-BUSINESS,"The file is declared as domain because its path matches **/core/**. Its path also matches application patterns (**/application/**, **/queries/**). It contains only three plain TypeScript interfaces describing a read-model result shape: AnalyticsKpiSnapshot, OrderAttentionCount and AnalyticsOverviewResult. There is no persistence logic (no SQL, ORM or repository calls), no transport or framework logic (no HTTP, decorators or serialization), and no behaviour of any kind. Conceptually it is an application-level query result DTO, so it fits the application layer better than the domain layer. That mismatch comes from how the path patterns overlap, not from a responsibility the file carries. The rubric's failure cases are persistence, transport or framework logic in a domain file, or business rules in infrastructure or presentation, and none of them apply. The comment ""Persisted order status string"" only documents what the field contains; the file does no persistence work. No ADR prose was given that would contradict this.",
e7-corpus-008-raouf-b-dev__ecommerce-store-api,raouf-b-dev__ecommerce-store-api,FF-N02,semantic,src/modules/authentication/core/application/usecases/register-user/register-user.usecase.ts,file,domain,valid,fail,0.800000,0.000000,false,3,3,3,0,true,0,JC-N02-PERSISTENCE;JC-N02-TRANSPORT;JC-N02-FRAMEWORK,"The unit is declared as domain because its path matches **/core/**. Its main job is application orchestration, not domain modelling. RegisterUserUseCase.execute coordinates outbound ports (IdentityGateway, AuthorizationGateway, CredentialRepository, PasswordHasher) and runs a multi-step workflow with manual compensating rollbacks (saga-style). That is use-case or application-layer work. The file also carries transport concerns: it maps failures to HTTP status codes with HttpStatus from @nestjs/common (INTERNAL_SERVER_ERROR, CONFLICT). It also depends on framework DI through the @Injectable() decorator. HTTP status mapping and framework wiring do not belong in a domain file. The HTTP status codes would also be misplaced if the file were classified under its likely intended application layer. The layer classification itself looks like a misconfiguration, since the path also matches **/application/** and **/usecases/** and the name matches *.usecase.ts. Even so, the file's responsibilities do not match its declared domain role.","RegisterUserUseCase.execute maps failures to HTTP status codes (HttpStatus.CONFLICT, HttpStatus.INTERNAL_SERVER_ERROR from @nestjs/common). That is a transport/presentation (infrastructure) concern inside a file declared as domain. | The @Injectable() decorator puts NestJS framework DI concerns, which belong to infrastructure, into a domain-layer unit. | RegisterUserUseCase.execute coordinates gateways and repositories with compensating rollbacks (identityGateway.deleteUser, credentialRepository.deleteByUserId). This is application-layer use-case orchestration, not a domain responsibility."
e7-corpus-008-raouf-b-dev__ecommerce-store-api,raouf-b-dev__ecommerce-store-api,FF-N02,semantic,src/modules/authentication/primary-adapters/dto/change-password.dto.ts,file,application,valid,pass,0.706667,0.009428,false,3,3,0,3,true,0,JC-N02-PERSISTENCE;JC-N02-TRANSPORT;JC-N02-FRAMEWORK;JC-N02-BUSINESS,"ChangePasswordDto is a plain input contract for the change-password use case. Its only job is to declare the shape of the request (currentPassword, newPassword) and to validate input syntax (IsString, MinLength). That is the usual role of an application-layer DTO. The @ApiProperty decorators add transport documentation metadata, but they are declarative annotations on the same input contract. They contain no HTTP handling, routing, persistence or domain logic. The file is also located under primary-adapters and is used by the controller, so it serves as the inbound adapter's input contract. That is consistent with how DTOs are classified here. No business rules, persistence or framework orchestration logic is misplaced in the file.",
e7-corpus-008-raouf-b-dev__ecommerce-store-api,raouf-b-dev__ecommerce-store-api,FF-N02,semantic,src/modules/authentication/primary-adapters/dto/register-response.dto.ts,file,application,valid,pass,0.606667,0.009428,false,3,3,0,3,true,2,JC-N02-PERSISTENCE;JC-N02-TRANSPORT;JC-N02-FRAMEWORK;JC-N02-BUSINESS,"RegisterResponseDto describes the shape of the register response (id, firstName, lastName, email, phone, isActive) and has no behaviour. That fits an application-layer DTO, whose job is to shape data crossing a boundary. There is no persistence, no request handling or HTTP status logic, and no business rules. The one concern is the @ApiProperty and @ApiPropertyOptional decorators from @nestjs/swagger. They document the HTTP API, which is a transport concern, and the file sits under primary-adapters/, which suggests the project treats it as an adapter; it was assigned to the application layer only because it matches **/dto/** and *.dto.ts. The decorators are declarative labels, not running code, and the rubric's failure examples are about misplaced logic, so I treat them as a minor coupling to the web framework rather than a misplaced responsibility. Hence a pass with moderate confidence.",
e7-corpus-008-raouf-b-dev__ecommerce-store-api,raouf-b-dev__ecommerce-store-api,FF-N02,semantic,src/modules/carts/secondary-adapters/orm/cart-item.schema.ts,file,infrastructure,valid,pass,0.943333,0.009428,false,3,3,0,3,true,0,JC-N02-PERSISTENCE;JC-N02-TRANSPORT;JC-N02-BUSINESS,"This file is a TypeORM persistence schema in the infrastructure layer. It only maps a table: it sets column types, precision and scale, a numeric transformer, a default value and the relationship to CartEntity with cascade delete. All of that is persistence-mapping work, which belongs in infrastructure. The file has no business rules, validation, pricing logic, transport code or presentation code. The column default 'USD' is a storage-level default, not a domain rule.",
e7-corpus-008-raouf-b-dev__ecommerce-store-api,raouf-b-dev__ecommerce-store-api,FF-N02,semantic,src/modules/identity/core/application/commands/create-user.command.ts,file,domain,valid,pass,0.666667,0.047140,false,3,3,0,3,true,0,JC-N02-PERSISTENCE;JC-N02-TRANSPORT;JC-N02-FRAMEWORK;JC-N02-BUSINESS,"src/modules/identity/core/application/commands/create-user.command.ts only declares the CreateUserCommand interface, a plain data shape with primitive fields (firstName, lastName, email, optional phone). It has no functions, methods or other statements carrying behaviour, so it contains no persistence, transport, framework logic or business rules. The file is labelled domain only because its path contains 'core/' (matched by the domain glob **/core/**). Its path segments 'application/commands/' and its *.command.ts name also match the application layer's patterns, so the layer label is ambiguous. Conceptually, a command message is a use-case input contract, which is arguably an application concern. But a pure data type with no behaviour carries no responsibility the domain layer cannot hold, so it is not counted as misplaced. The ambiguity is in the layer model, not in this file's code. Confidence is moderate: a stricter reading that treats any use-case input contract as application-only would fail the file.",
e7-corpus-008-raouf-b-dev__ecommerce-store-api,raouf-b-dev__ecommerce-store-api,FF-N02,semantic,src/modules/identity/core/application/usecases/address/set-default-address/set-default-address.usecase.ts,file,domain,valid,fail,0.706667,0.009428,false,3,3,3,0,true,2,JC-N02-PERSISTENCE;JC-N02-FRAMEWORK;JC-N02-BUSINESS,"This file is declared as domain because its path contains `/core/`. It is really an application use case, as its `/application/usecases/` path and `.usecase.ts` suffix show. `SetDefaultAddressUseCase.execute` coordinates a full transaction. It runs an access-policy check, loads the aggregate through `userRepository.findByIdForUpdate`, delegates to `user.setDefaultAddress`, and saves through `userRepository.save(user, expectedVersion)` with an optimistic-concurrency version. That is application-layer coordination, not domain behaviour. The class also carries the NestJS `@Injectable()` decorator, which is framework dependency-injection wiring. A domain file should not hold either responsibility. The business rule itself stays in the entity (`user.setDefaultAddress`), so there is no misplaced business logic. The problem is that the file's responsibilities match the application layer, not the declared domain layer. The mismatch probably comes from the layer patterns overlapping, but under the given model it still breaks the rule.","This file is declared as domain, but `SetDefaultAddressUseCase.execute` does application-layer work. It checks caller access with `OwnedResourceAccessPolicy`, loads the user with `userRepository.findByIdForUpdate`, and saves with `userRepository.save(user, expectedVersion)`. The class is also marked with the NestJS `@Injectable()` decorator, which is framework wiring. Both responsibilities belong to the application layer, not domain."
e7-corpus-008-raouf-b-dev__ecommerce-store-api,raouf-b-dev__ecommerce-store-api,FF-N02,semantic,src/modules/inventory/primary-adapters/dto/check-stock-query.dto.ts,file,application,valid,fail,0.600000,0.047140,false,3,3,2,1,true,1,JC-N02-PERSISTENCE;JC-N02-TRANSPORT;JC-N02-FRAMEWORK;JC-N02-BUSINESS,"The file is assigned to the application layer only because its path matches **/dto/**. What it actually does is define an HTTP query-string contract for inventory.controller.ts, which is an infrastructure file. Three things make it a transport concern. First, `@ApiPropertyOptional` from @nestjs/swagger adds OpenAPI documentation (example, minimum, description), which is HTTP transport documentation. Second, `@Type(() => Number)` from class-transformer turns the raw query-string value into a number, which is request-parsing logic. Third, the class models query parameters for a specific HTTP endpoint, and the folder name `primary-adapters` says the same thing. All of this belongs to the infrastructure (primary/driving adapter) layer, not to a framework-independent application input contract. This is a borderline case: validation DTOs often sit in the application layer. But Swagger annotations and query-string coercion are transport responsibilities, so the file's job does not match its declared layer.","CheckStockQueryDto is an HTTP transport contract: Swagger `@ApiPropertyOptional` documentation plus `@Type(() => Number)` query-string coercion. These responsibilities belong to the infrastructure (primary adapter/presentation) layer, not the declared application layer."
e7-corpus-008-raouf-b-dev__ecommerce-store-api,raouf-b-dev__ecommerce-store-api,FF-N02,semantic,src/modules/inventory/primary-adapters/dto/low-stock-query.dto.ts,file,application,valid,fail,0.600000,0.047140,false,3,3,2,1,true,0,JC-N02-PERSISTENCE;JC-N02-TRANSPORT;JC-N02-FRAMEWORK;JC-N02-BUSINESS,"The file is assigned to the application layer only because of the **/dto/** and *.dto.ts patterns. It actually sits under primary-adapters/, its header comment says presentation/dto, and its only importer is inventory.controller.ts (infrastructure). Its work is all HTTP transport: @ApiPropertyOptional adds Swagger/OpenAPI docs, @Type(() => Number) converts query-string values to numbers, and class-validator decorators check the incoming request. These jobs belong to the transport/presentation adapter, which is infrastructure kind in this model, not to an application-layer use-case input contract. No business rules are implemented, but the transport and framework concerns don't match the declared application role. Confidence is moderate: NestJS projects often treat these decorated DTOs as acceptable application input contracts.","In class LowStockQueryDto, the @ApiPropertyOptional Swagger metadata and the @Type(() => Number) query-string conversion on threshold/page/limit are HTTP transport/presentation work, which belongs to infrastructure. They don't fit the application layer the file is assigned to."
e7-corpus-008-raouf-b-dev__ecommerce-store-api,raouf-b-dev__ecommerce-store-api,FF-N02,semantic,src/modules/inventory/secondary-adapters/orm/inventory.schema.ts,file,infrastructure,valid,pass,0.950000,0.000000,false,3,3,0,3,true,0,JC-N02-PERSISTENCE;JC-N02-TRANSPORT;JC-N02-BUSINESS,"The file is in the infrastructure layer (secondary-adapters/orm) and contains only one thing: a TypeORM persistence schema, InventoryEntity. It sets the table name, indexes, column types, a version column for optimistic locking, and timestamp columns. That is a persistence mapping, which is the job of the infrastructure layer. The file has no business rules (for example, no logic for low-stock checks or reservations), no transport code and no application orchestration. Fields like lowStockThreshold are only declared as data columns, with no behaviour attached.",
e7-corpus-008-raouf-b-dev__ecommerce-store-api,raouf-b-dev__ecommerce-store-api,FF-N02,semantic,src/modules/notifications/primary-adapters/dto/get-user-notifications.dto.ts,file,application,valid,pass,0.696667,0.055578,false,3,3,0,3,true,0,JC-N02-PERSISTENCE;JC-N02-TRANSPORT;JC-N02-FRAMEWORK;JC-N02-BUSINESS,"The layer model places this file in the application layer because it matches both **/dto/** and *.dto.ts. Its one class, GetUserNotificationsDto, only describes a query and checks its input: page and limit for pagination, plus an optional status filter. That matches the role of an application DTO. It does not read or write data, handle routes or requests itself, or contain domain logic. The decorators come from class-validator, class-transformer and @nestjs/swagger. They only declare type conversion, input limits and API documentation; they do not run any framework behaviour. The page and limit bounds (at least 1, at most 100) are checks on the request, not business rules. The Swagger decorators are documentation for the API's interface, which brings in a little presentation metadata. NestJS projects normally put this on DTOs, and the project's layer model deliberately puts DTOs in the application layer. So this is not a responsibility that belongs to a different layer kind.",
e7-corpus-008-raouf-b-dev__ecommerce-store-api,raouf-b-dev__ecommerce-store-api,FF-N02,semantic,src/modules/payments/core/application/usecases/create-payment-intent/create-payment-intent.usecase.ts,file,domain,valid,fail,0.666667,0.047140,false,3,3,3,0,true,0,JC-N02-PERSISTENCE;JC-N02-FRAMEWORK;JC-N02-BUSINESS,"The file is declared as domain because it matched **/core/**. Its contents are a use-case workflow, which is application-layer work. CreatePaymentIntentUseCase.execute picks a payment gateway, calls an external gateway to create a payment intent, builds a Payment entity, saves it through the repository, and maps errors into UseCaseError. A domain unit should hold business rules and invariants, not workflows that call outside systems and save data. The class also uses NestJS's @Injectable() decorator, which is framework wiring. The path (/application/usecases/) and the .usecase.ts suffix also fit the application layer, so the layer model's overlapping patterns may have mislabelled the file. Judged against its declared domain layer, the file fails.","CreatePaymentIntentUseCase.execute() does application work inside a file declared as domain: it calls the payment gateway (getGateway, createPaymentIntent), saves through the repository (paymentRepository.save), and maps errors to UseCaseError. The NestJS @Injectable() decorator adds framework wiring. These responsibilities belong to the application layer."
e7-corpus-008-raouf-b-dev__ecommerce-store-api,raouf-b-dev__ecommerce-store-api,FF-N02,semantic,src/modules/payments/primary-adapters/dto/record-cod-payment.dto.ts,file,application,valid,pass,0.675000,0.040825,false,3,3,1,2,true,0,JC-N02-PERSISTENCE;JC-N02-TRANSPORT;JC-N02-FRAMEWORK;JC-N02-BUSINESS,"The file declares a single data-transfer class, RecordCodPaymentDto, with declarative input-shape validation and API documentation metadata. The layer model explicitly assigns **/dto/** and **/*.dto.ts to the application layer, so an input contract fits there. It contains no business rules, no persistence, and no orchestration logic. The validation decorators (@IsNumber, @IsString, @Min(0.01), @IsOptional) only constrain input shape. The Swagger decorators (@ApiProperty, @ApiPropertyOptional) are transport documentation metadata with no behavior, and the project's own layer model treats such DTOs as application artifacts. The path (primary-adapters/dto) and the header comment (presentation/dto) suggest a presentation-adapter DTO. Even so, nothing in the file carries a responsibility that clearly belongs to a different layer kind.",
e7-corpus-008-raouf-b-dev__ecommerce-store-api,raouf-b-dev__ecommerce-store-api,FF-N02,semantic,src/modules/products/primary-adapters/dto/update-category.dto.ts,file,application,valid,pass,0.773333,0.037712,false,3,3,0,3,true,0,JC-N02-PERSISTENCE;JC-N02-TRANSPORT;JC-N02-FRAMEWORK;JC-N02-BUSINESS,"The file declares one DTO class, UpdateCategoryDto, as PartialType(CreateCategoryDto). That is an application-layer job: it defines the shape of data passed into an update use case. The file has no persistence, request handling, routing or business rules. The PartialType helper from @nestjs/swagger only builds the partial type and carries API-doc metadata. It adds no transport behaviour, so it is not a responsibility that belongs to another layer. Import or dependency direction is out of scope.",
e7-corpus-008-raouf-b-dev__ecommerce-store-api,raouf-b-dev__ecommerce-store-api,FF-N02,semantic,src/modules/products/products.controller.ts,file,infrastructure,valid,pass,0.913333,0.009428,false,3,3,0,3,true,1,JC-N02-PERSISTENCE;JC-N02-TRANSPORT;JC-N02-FRAMEWORK;JC-N02-BUSINESS,"ProductsController is a thin HTTP adapter in the infrastructure layer, and everything it does is transport or framework work. It uses NestJS routing decorators (@Get, @Post, @Patch, @Delete, @Param, @Query and @Body). It parses inputs with ParseIntPipe. It sets HTTP status codes with @HttpCode. It documents the API with Swagger decorators. It declares access requirements with @RequirePermissions and @OptionalAuth. It passes the caller context through with @CallerCtx. Each handler hands its work to an injected use case. The only data handling is in update(), which merges the route id into the DTO ({ id, ...updateProductDto }). That is plain request-to-command mapping, not a business rule. The visibility rules for inactive products appear only in the Swagger descriptions. The actual logic is left to ListProductsUseCase and GetProductUseCase, which receive the caller. The file has no persistence code, no domain invariants and no business decisions, so its responsibilities match the infrastructure (adapter) layer.",
e7-corpus-008-raouf-b-dev__ecommerce-store-api,raouf-b-dev__ecommerce-store-api,FF-N02,semantic,src/shared-kernel/domain/interfaces/application-lifecycle.port.ts,file,domain,valid,pass,0.816667,0.023570,false,3,3,0,3,true,1,JC-N02-PERSISTENCE;JC-N02-TRANSPORT;JC-N02-FRAMEWORK;JC-N02-BUSINESS,"The file only declares an abstract port, `ApplicationLifecyclePort`, with one abstract getter, `isShuttingDown`. It has no implementation, no framework decorators and no persistence, transport or I/O logic. The doc comment says the concrete Nest-based version, ShutdownService, lives in infrastructure, which follows the usual ports-and-adapters split. You could argue that process lifecycle is an application concern rather than a domain one, so the port might sit better in an application or shared-kernel ports folder. Still, the file holds no misplaced logic of the kind the rubric names (persistence, transport, framework logic or business rules in the wrong layer). It is a pure abstraction with no dependencies, which fits a shared-kernel domain interfaces folder.",
e7-corpus-008-raouf-b-dev__ecommerce-store-api,raouf-b-dev__ecommerce-store-api,FF-N02,semantic,src/shared-kernel/domain/interfaces/current-user.interface.ts,file,domain,valid,pass,0.800000,0.000000,false,3,3,0,3,true,0,JC-N02-PERSISTENCE;JC-N02-TRANSPORT;JC-N02-FRAMEWORK;JC-N02-BUSINESS,"The file declares one TypeScript interface, CurrentUserPayload, with four fields: userId, email, role and an optional mustChangePassword. It has no behaviour at all: no persistence, no HTTP or transport handling, no framework decorators or calls, and no business logic that would belong in another layer. The interface describes who the acting user is, and a shared-kernel domain module can reasonably hold that. The name ""Payload"" and the files that import it (an identity decorator in primary-adapters and src/types/express.ts) hint that it began as an authentication token payload. Even so, the file itself is framework-agnostic and depends on nothing from transport or infrastructure. No ADR text was provided to say otherwise. I found no responsibility here that belongs to a different layer kind.",
e7-corpus-000-realworld-test,realworld-test,FF-N01,integrity,src,module,presentation,valid,pass,0.860000,0.014142,false,3,3,0,3,true,1,JC-N01-DUP,"This unit is the standard NestJS root module. Its two files share one concern: putting the application together and serving a root health/hello endpoint. In src/app.module.ts, ApplicationModule pulls in the feature modules (ArticleModule, UserModule, ProfileModule, TagModule), sets up TypeOrmModule.forRoot() and registers AppController. In src/app.controller.ts, AppController has a single root() handler that returns a constant string. No rule or invariant is repeated, and nothing goes around the module's own abstractions: the feature modules are only pulled in through Nest module imports, not reached into. One small smell: ApplicationModule injects `Connection` and never uses it. That is dead code, not a cohesion or duplication problem, so the unit passes.",
e7-corpus-000-realworld-test,realworld-test,FF-N01,integrity,src/article#application,module,application,valid,fail,0.693333,0.009428,false,3,3,3,0,true,0,JC-N01-DUP;JC-N01-BYPASS,"The unit has only one file, src/article/article.service.ts, and its concern holds together: article CRUD, comments, favorites and feed all belong to the article domain. It fails on the other two rubric criteria. First, it bypasses its own data-access abstraction. The constructor injects `articleRepository: Repository<ArticleEntity>`, and most methods use it. But `findAll` and `findFeed` call the global `getRepository(ArticleEntity).createQueryBuilder('article')` instead of the injected repository. That gives the class two inconsistent ways to reach the same data. Second, it duplicates the list query and pagination rule. `findAll` and `findFeed` each repeat the same steps: `qb.orderBy('article.created', 'DESC')`, `getCount()`, the `'limit' in query` and `'offset' in query` checks, and `getMany()`, then build `{articles, articlesCount}`. This rule should live in one shared helper. There is also smaller repeated logic: `favorite` and `unFavorite` each keep `favoriteCount` in step with `user.favorites` in their own code, and the find-by-slug lookup is repeated in every method.","findAll and findFeed call the global `getRepository(ArticleEntity)` instead of the injected `articleRepository`. This bypasses the service's own repository abstraction. | findAll and findFeed each repeat the same ordering, count, limit/offset and result-building logic (`orderBy('article.created','DESC')`, `getCount`, `'limit' in query`, `'offset' in query`, `getMany`). This rule should live in one place."
e7-corpus-000-realworld-test,realworld-test,FF-N01,integrity,src/article#domain,module,domain,valid,pass,0.830000,0.014142,false,3,3,0,3,true,0,JC-N01-SPLIT;JC-N01-DUP;JC-N01-BYPASS,"Both files describe one concern, the Article aggregate and its child Comment, as TypeORM persistence entities. The relationship is declared symmetrically on both sides: ArticleEntity.comments (OneToMany) mirrors Comment.article (ManyToOne). No rule or invariant is defined twice. The only behaviour, the BeforeUpdate updateTimestamp hook, lives only in ArticleEntity, and neither file bypasses the module's abstractions. There are minor style inconsistencies: the class names ArticleEntity vs Comment, an explicit table name in @Entity('article') vs the default in @Entity(), and the unused imports OneToOne and AfterUpdate. These don't split the concern or break the boundary, so they don't fail the rubric.",
e7-corpus-000-realworld-test,realworld-test,FF-N01,integrity,src/article#presentation,module,presentation,valid,fail,0.606667,0.009428,false,3,3,3,0,true,0,JC-N01-SPLIT;JC-N01-DUP,"Both files cover one concern, the article HTTP surface and its wiring, so they are cohesive. The problem is that the invariant ""which article routes require authentication"" is kept in two places. - **article.module.ts** sets the real rule. In `ArticleModule.configure`, it applies `AuthMiddleware` to a hand-written list of path strings and HTTP methods, such as 'articles/:slug/favorite' with POST and DELETE, and 'articles/feed' with GET. - **article.controller.ts** already defines those same routes through `@Controller('articles')` and the method decorators. It also describes each protected route a second time with `@ApiBearerAuth` and `@ApiResponse({ status: 403 })`. Handlers such as `getFeed`, `create`, `favorite` and `unFavorite` read `@User('id')`, which only works if the middleware has run on that route. So the route strings are copied from the controller into the module, and the protected-route list is split between the module (actual enforcement) and the controller (documentation, plus the assumption that `@User` has data). If a route is renamed or added in the controller, the module's list will silently fall out of step, and the route could become unprotected or `userId` could become undefined. A route-level guard declared on the controller methods would keep this rule in one place. The two lists match today, so this is a maintainability risk rather than a current bug, which is why confidence is moderate.","ArticleModule.configure hard-codes route path strings and methods for AuthMiddleware ('articles/:slug/favorite' and others). These copy the routes defined in ArticleController, so the rule for which routes need auth is stored separately from the routes themselves. | ArticleController marks the auth-required routes again with @ApiResponse 403 and @ApiBearerAuth, and depends on @User('id') being filled in by middleware set up elsewhere. The protected-route list is kept here and in ArticleModule.configure instead of in one place, such as a guard on each method."
e7-corpus-000-realworld-test,realworld-test,FF-N01,integrity,src/article/dto,module,application,valid,pass,0.880000,0.000000,false,3,3,0,3,true,0,JC-N01-SPLIT;JC-N01-DUP;JC-N01-BYPASS,"This unit passes. Both files cover one concern: shapes for incoming requests in the article feature. Each file has one class made only of readonly fields. Neither file contains logic, validation or invariants, so there is no rule that could be split or repeated. Both classes are exported through src/article/dto/index.ts and are used by the article controller and service, so the unit has a single, consistent boundary. Neither file calls code outside the unit, so no module abstraction is bypassed. Both classes have a `body` field, but that is just a field shared by two separate payloads, not a repeated rule. One small naming point: create-comment.ts lacks the `.dto.ts` suffix that create-article.dto.ts uses. That is a naming convention issue, not a problem with cohesion or boundaries.",
e7-corpus-000-realworld-test,realworld-test,FF-N01,integrity,src/profile#application,module,application,valid,fail,0.693333,0.009428,false,3,3,3,0,true,1,JC-N01-DUP,"The service covers one cohesive concern: user profiles and follow relationships. It fails the rubric because it does not keep its rules in one place, and it does not use its own ProfileRO/ProfileData abstraction consistently. (1) The rule for turning a UserEntity into a public profile is written several times, and the copies disagree. findProfile, follow and unFollow each build a ProfileData literal by hand from username, bio and image. findOne instead deletes id and password from the entity and returns the whole entity as the profile. findAll skips the profile abstraction entirely and returns raw UserEntity[], which still includes password. (2) The rule that a user cannot follow themselves is checked twice in different ways. follow compares emails (followingUser.email === followerEmail). unFollow compares ids (followingUser.id === followerId). The method signatures also identify the follower differently: follow takes followerEmail, unFollow takes followerId. Because these copies differ, the rule for which user fields are safe to expose, and the rule against self-follow, can drift apart over time.","The rule for turning a UserEntity into a public profile is written several times and the copies disagree: ProfileData literals in findProfile, follow and unFollow; field deletion in findOne; no projection at all in findAll, which returns UserEntity[] including password. It should live in one helper. | The self-follow check is duplicated in follow (by email) and unFollow (by id), so the rule can drift. The two methods also identify the follower differently (followerEmail vs followerId). | findAll skips the module's own ProfileRO/ProfileData abstraction and returns persistence entities directly, unlike the other methods."
e7-corpus-000-realworld-test,realworld-test,FF-N01,integrity,src/profile#domain,module,domain,valid,pass,0.900000,0.000000,false,3,3,0,3,true,0,JC-N01-SPLIT;JC-N01-DUP;JC-N01-BYPASS,"The unit is a single file, src/profile/follows.entity.ts. It declares one TypeORM entity, FollowsEntity, which maps the 'follows' table with the columns id, followerId and followingId. It covers one concern: the follow relationship between users. Within this unit, no rule or invariant is repeated and no abstraction is bypassed. Other files in the article and profile modules import it, but that only shows how the entity is used. It doesn't split this unit's concerns. Import direction is out of scope.",
e7-corpus-000-realworld-test,realworld-test,FF-N01,integrity,src/profile#presentation,module,presentation,valid,pass,0.700000,0.047140,false,3,3,1,2,true,0,JC-N01-DUP;JC-N01-BYPASS,"Both files cover one concern, the profiles HTTP feature. ProfileController exposes only /profiles routes (getProfile, follow, unFollow). It sends all logic to the injected ProfileService and gets the caller through the shared @User decorator. ProfileModule only wires things up: it registers the controller, ProfileService, the TypeORM entities UserEntity and FollowsEntity, and UserModule. Neither file holds business rules, and neither bypasses ProfileService to reach repositories or entities. There are minor consistency issues. follow uses @User('email') while unFollow and getProfile use @User('id'), so matching operations identify the user differently; this likely comes from the ProfileService signatures, which are outside this unit. The module also hard-codes the auth-protected path string 'profiles/:username/follow', which repeats the controller's route declarations. This is the standard NestJS way to apply middleware, so it does not count as moving a rule out of its place. The unused express Request import is a hygiene issue only. None of these issues reaches the rubric's fail criteria.",
e7-corpus-000-realworld-test,realworld-test,FF-N01,integrity,src/shared,module,presentation,valid,pass,0.720000,0.000000,false,3,3,0,3,true,0,JC-N01-DUP,"The src/shared module has one file, src/shared/base.controller.ts, with one class, BaseController. That class has one protected helper, getUserIdFromToken, which reads the user id from a Bearer [REDACTED] header. The whole module serves one concern: shared controller support for finding the authenticated user. The provided material shows no other files in the unit, so I found nothing duplicated inside it and nothing that goes around the module's own abstractions. Verifying a JWT inside a base controller is arguably an auth concern, and authentication might belong somewhere else. But that is a placement or layering question. Within this unit, the token-reading rule lives in exactly one place. I can't see whether other controllers repeat this logic instead of extending BaseController, because the unit has no incoming references. That cross-module duplication is outside what I can judge here. The module's dependencies on jsonwebtoken and src/config are import-direction matters, which are out of scope.",
e7-corpus-000-realworld-test,realworld-test,FF-N01,integrity,src/tag#application,module,application,valid,pass,0.930000,0.000000,false,3,3,0,3,true,0,JC-N01-SPLIT;JC-N01-DUP,"The unit is a single file, src/tag/tag.service.ts. Its one class, TagService, handles one concern: getting TagEntity records through the injected TypeORM repository. It doesn't mix in unrelated concerns, repeat any rule or invariant, or go around its own abstraction, since all data access goes through tagRepository. Whether the service should depend directly on TypeORM's Repository is a layering question, and import direction is out of scope.",
e7-corpus-000-realworld-test,realworld-test,FF-N01,integrity,src/tag#domain,module,domain,valid,pass,0.910000,0.014142,false,3,3,0,3,true,0,JC-N01-SPLIT;JC-N01-DUP,"This unit is one file, src/tag/tag.entity.ts. It declares a single TypeORM entity, TagEntity, with two fields: id and tag. That is one concern. Because there is only one file, nothing can split into unrelated concerns, and no rule or invariant is repeated. The file does not go around any of the module's own abstractions. The entity depends on the typeorm package, but that is an import-direction / layer-dependency question, which is out of scope here.",
e7-corpus-000-realworld-test,realworld-test,FF-N01,integrity,src/tag#presentation,module,presentation,valid,pass,0.863333,0.012472,false,3,3,0,3,true,0,JC-N01-SPLIT;JC-N01-DUP;JC-N01-BYPASS,"The unit has two files, and both deal only with tags. TagController exposes one read endpoint, GET /tags, and passes the call to TagService.findAll(). TagModule wires TagController, TagService and the TagEntity repository together. Neither file holds business logic, so no rule or invariant is duplicated. The controller does not skip the module's own service to reach the repository or entity storage directly. There are two small housekeeping issues: TagModule imports UserModule but nothing in this unit appears to use it, and TagModule.configure() is an empty NestModule hook. Neither one splits the module's concern, duplicates a rule or bypasses an abstraction, so the unit passes this rule.",
e7-corpus-000-realworld-test,realworld-test,FF-N01,integrity,src/user#application,module,application,valid,fail,0.746667,0.037712,false,3,3,3,0,true,2,JC-N01-SPLIT;JC-N01-BYPASS,"UserService mostly handles one concern, user management. It fails the rubric in two ways. First, it bypasses its own data-access abstraction: the constructor injects `userRepository: Repository<UserEntity>`, but `create()` calls the global `getRepository(UserEntity)` to run the uniqueness check, so data access goes through two different paths. Second, it mixes in a separate concern: JWT token creation (`generateJWT` with `jsonwebtoken` and `SECRET`) sits inside the user CRUD service, and `buildUserRO` puts a fresh token into every user response object. That means token creation (expiry, claims) is tied to user serialization instead of living in one auth-focused place. The 'user not found' check is also handled inconsistently: `findById` throws a 401 when the user is missing, while `findByEmail` passes a possibly null user into `buildUserRO` without checking. Because the repository bypass breaks the module's abstraction, the unit fails.","`create()` bypasses the injected `userRepository` by calling the global `getRepository(UserEntity).createQueryBuilder(...)`, so data access goes through two different paths in one service. | JWT token creation (`generateJWT` with `jsonwebtoken`/`SECRET`) is built into the user CRUD service, and `buildUserRO` adds it to every user response, so the auth concern is mixed with user management. | The missing-user check is handled inconsistently: `findById` throws a 401, while `findByEmail` passes a possibly null user to `buildUserRO` with no check."
e7-corpus-000-realworld-test,realworld-test,FF-N01,integrity,src/user#domain,module,domain,valid,pass,0.800000,0.016330,false,3,3,0,3,true,1,JC-N01-SPLIT;JC-N01-DUP;JC-N01-BYPASS,"This unit has a single file, src/user/user.entity.ts, and that file has a single job: defining the persisted User entity. The class UserEntity holds its columns, its validation annotation (@IsEmail on email), one lifecycle invariant (hashPassword under @BeforeInsert) and its relations to ArticleEntity (favorites, articles). Hashing the password on insert is a rule about the user, and it is kept in exactly one place within the unit. With only one file, the unit cannot split into unrelated concerns or bypass its own abstractions. Other files may also hash passwords (for example, a user.service.ts handling updates), but none of them is shown, so I can't claim duplication. Mixing ORM/persistence decorators into a domain file is a layering question, which is out of scope.",
e7-corpus-000-realworld-test,realworld-test,FF-N01,integrity,src/user#presentation,module,presentation,valid,fail,0.613333,0.009428,false,3,3,3,0,true,0,JC-N01-SPLIT;JC-N01-DUP;JC-N01-BYPASS,"The unit covers one concern (the user feature), but rules are split and the module's own abstractions are used unevenly. (1) Building the UserRO response belongs to the service: UserService.findByEmail returns Promise<UserRO>. UserController.login builds the same response again by hand after calling generateJWT. (2) Which routes need auth is defined in UserModule.configure by repeating path strings ('user' GET/PUT). These must stay in sync with the controller's route decorators, and DELETE 'users/:slug' is left without auth. (3) ValidationPipe is applied to create and login but not to update, so UpdateUserDto is never validated, and delete takes untyped params. user.service.ts was not provided, so finding (1) is inferred from the service's signatures. That keeps confidence moderate.","login() builds the UserRO response {user: {email, token, username, bio, image}} inline, duplicating the response-building that UserService owns (findByEmail returns Promise<UserRO>) instead of using the service. | configure() decides which routes need auth by repeating path strings ('user' GET/PUT) that must match UserController's route decorators. The auth rule is split from the routes, and DELETE 'users/:slug' is left unprotected. | ValidationPipe is applied to create and login but not to update (UpdateUserDto), and delete takes untyped @Param() params, so input validation is applied inconsistently."
e7-corpus-000-realworld-test,realworld-test,FF-N01,integrity,src/user/dto,module,application,valid,pass,0.783333,0.053125,false,3,3,0,3,true,1,JC-N01-SPLIT;JC-N01-DUP;JC-N01-BYPASS,"The unit passes. All three files are user request DTOs that the user controller and user service consume, and index.ts re-exports all of them. They serve one concern, the shapes of user API inputs, and they follow the same pattern: an exported class with readonly fields. CreateUserDto and LoginUserDto both use class-validator's @IsNotEmpty. UpdateUserDto has no validators, which fits partial-update semantics and doesn't bypass any abstraction of the module. The @IsNotEmpty on email and password appears in both CreateUserDto and LoginUserDto. That is normal per-endpoint input validation, not a domain invariant copied into two places. Nothing unrelated is mixed in.",
e7-corpus-000-realworld-test,realworld-test,FF-N02,semantic,src/app.controller.ts,file,presentation,valid,pass,0.970000,0.000000,false,3,3,0,3,true,0,JC-N02-PERSISTENCE;JC-N02-TRANSPORT;JC-N02-FRAMEWORK;JC-N02-BUSINESS,"src/app.controller.ts is in the presentation layer. It has one NestJS controller with a single GET route handler that returns a fixed string. That is plain transport and routing work, which belongs in presentation. The file has no business rules, no persistence and no infrastructure logic.",
e7-corpus-000-realworld-test,realworld-test,FF-N02,semantic,src/app.module.ts,file,presentation,valid,pass,0.760000,0.028284,false,3,3,0,3,true,0,JC-N02-PERSISTENCE;JC-N02-FRAMEWORK;JC-N02-BUSINESS,"src/app.module.ts is the NestJS root module. The layer model puts every **/*.module.ts file in presentation, so this layer is expected to hold framework wiring. The file only wires things together: it imports the feature modules (Article, User, Profile, Tag), registers AppController and calls TypeOrmModule.forRoot() with no arguments, so the connection settings live outside this file. It has no business rules, no entity or domain logic, and no queries or repository code. The constructor injects a TypeORM Connection but never uses it, so no persistence work happens here. Bootstrapping the ORM in the root module is ordinary composition-root work in NestJS. It does not move infrastructure responsibilities into this file. No responsibility here belongs to a different layer kind.",
e7-corpus-000-realworld-test,realworld-test,FF-N02,semantic,src/article/article.controller.ts,file,presentation,valid,pass,0.930000,0.000000,false,3,3,0,3,true,0,JC-N02-PERSISTENCE;JC-N02-TRANSPORT;JC-N02-FRAMEWORK;JC-N02-BUSINESS,"ArticleController is a plain presentation-layer controller. Each handler binds HTTP route parameters, query and body through NestJS decorators, adds Swagger metadata, and hands the work to ArticleService. None of its methods contain business rules, persistence, query building or data transformation. The only logic is pulling values out of route parameters (for example, `const {slug, id} = params` in deleteComment), which is ordinary transport-level work. The TODO comment in update about regenerating the slug describes future work rather than logic that is actually in this file. The unused express Request import is about import hygiene and dependencies, which is outside this rule.",
e7-corpus-000-realworld-test,realworld-test,FF-N02,semantic,src/article/article.entity.ts,file,domain,valid,fail,0.783333,0.023570,false,3,3,3,0,true,1,JC-N02-PERSISTENCE;JC-N02-FRAMEWORK,"src/article/article.entity.ts is in the domain layer (it matches the **/*.entity.ts pattern), but it works mainly as a TypeORM persistence mapping, which is an infrastructure concern. It maps the class to the 'article' table. It gives columns database-level defaults, including the SQL expression CURRENT_TIMESTAMP and the 'simple-array' storage type. It sets ORM relationship loading options (eager: true, @JoinColumn) and uses an ORM lifecycle hook (@BeforeUpdate) to update the timestamp. Table mapping, column storage types, SQL defaults, eager-loading choices and ORM lifecycle hooks all belong to infrastructure. The class has no domain behaviour apart from the timestamp update, and that runs through an ORM hook. I am judging what the file is responsible for, not the fact that it imports typeorm; import direction is out of scope.","The domain-layer class ArticleEntity is a TypeORM persistence mapping, which belongs in infrastructure. It maps to the 'article' table with @Entity('article'), sets column types and SQL defaults with @Column({type:'timestamp', default: () => 'CURRENT_TIMESTAMP'}) and @Column('simple-array'), configures eager loading and joins with @OneToMany({eager:true}) and @JoinColumn, and uses the ORM lifecycle hook @BeforeUpdate updateTimestamp()."
e7-corpus-000-realworld-test,realworld-test,FF-N02,semantic,src/article/article.module.ts,file,presentation,valid,pass,0.843333,0.032998,false,3,3,0,3,true,2,JC-N02-PERSISTENCE;JC-N02-TRANSPORT;JC-N02-FRAMEWORK;JC-N02-BUSINESS,"src/article/article.module.ts is a NestJS module file. Under the *.module.ts pattern it belongs to the presentation layer. It only does framework composition. The @Module decorator lists the imports (TypeOrmModule.forFeature, UserModule), providers (ArticleService) and controllers (ArticleController). configure() connects AuthMiddleware to specific HTTP routes and methods. Choosing which HTTP routes go through the auth middleware is a transport concern, so it fits the presentation layer. TypeOrmModule.forFeature only registers entities with the dependency-injection container. It runs no queries and holds no persistence logic. The file has no business rules, no domain calculations and no data-access code, so nothing in it belongs to another layer kind.",
e7-corpus-000-realworld-test,realworld-test,FF-N02,semantic,src/article/article.service.ts,file,application,valid,fail,0.730000,0.014142,false,3,3,3,0,true,1,JC-N02-PERSISTENCE;JC-N02-FRAMEWORK;JC-N02-BUSINESS,"This file is in the application layer, whose job is to coordinate use cases. ArticleService does that, but it also builds persistence queries itself. findAll and findFeed call the static getRepository(ArticleEntity).createQueryBuilder(...) and assemble raw SQL clauses: joins, LIKE filters, IN clauses, ordering, limit and offset. That query-building work belongs to the infrastructure layer, which covers repositories (*.repository.ts) and src/persistence/**. It should sit behind a repository abstraction rather than live in an application service. Calling the injected TypeORM repositories for simple find and save is a common NestJS pattern and a smaller concern. The hand-written SQL query building is a clear persistence responsibility in the wrong layer. A lesser issue is that domain rules are done by editing entity fields directly in the service, for example incrementing and decrementing article.favoriteCount and generating the slug, instead of inside the domain entities.","findAll() builds raw TypeORM/SQL queries in the application service: getRepository(ArticleEntity).createQueryBuilder, plus andWhere with 'article.tagList LIKE :tag' and 'article.authorId IN (:ids)', orderBy, limit and offset. This persistence work belongs in the infrastructure layer, for example a repository. | findFeed() builds SQL queries in the application service: getRepository(ArticleEntity).createQueryBuilder('article').where('article.authorId IN (:ids)'), with ordering and paging. This persistence logic belongs in the infrastructure layer."
e7-corpus-000-realworld-test,realworld-test,FF-N02,semantic,src/article/comment.entity.ts,file,domain,valid,fail,0.600000,0.000000,false,3,3,3,0,true,0,JC-N02-PERSISTENCE;JC-N02-FRAMEWORK,"src/article/comment.entity.ts is in the domain layer, but its only job is mapping the Comment table for TypeORM. `@Entity()` marks the class as a database table. `@PrimaryGeneratedColumn()` and `@Column()` define the database columns. `@ManyToOne(type => ArticleEntity, article => article.comments)` defines a relation between tables. All of this is persistence (infrastructure) work. The class has no domain behaviour, rules or checks of its own, so it acts as a persistence model rather than a domain entity. The call is close: the layer model puts all `*.entity.ts` files in the domain layer, which in NestJS projects usually means TypeORM entities, so the project may accept this on purpose. No ADR prose says so, and the rubric names persistence work in a domain file as a failure. Confidence is therefore moderate.","Class `Comment` carries persistence (infrastructure) responsibility in a domain file: `@Entity()`, `@PrimaryGeneratedColumn()`, `@Column()` and `@ManyToOne(...)` are TypeORM table, column and relation mappings. This belongs in the infrastructure layer, not the domain layer."
e7-corpus-000-realworld-test,realworld-test,FF-N02,semantic,src/article/dto/create-article.dto.ts,file,application,valid,pass,0.950000,0.000000,false,3,3,0,3,true,0,JC-N02-PERSISTENCE;JC-N02-TRANSPORT;JC-N02-FRAMEWORK;JC-N02-BUSINESS,"The file holds one data transfer object, CreateArticleDto, with four readonly fields: title, description, body and tagList. The layer model puts **/*.dto.ts files in the application layer, and a plain input contract like this is what that layer should own. The file has no persistence, transport, framework or business-rule logic, so nothing in it belongs to another layer kind.",
e7-corpus-000-realworld-test,realworld-test,FF-N02,semantic,src/article/dto/create-comment.ts,file,application,valid,pass,0.950000,0.000000,false,3,3,0,3,true,0,JC-N02-PERSISTENCE;JC-N02-TRANSPORT;JC-N02-FRAMEWORK;JC-N02-BUSINESS,"The file holds a single plain DTO class, CreateCommentDto, with one readonly field, body: string. Data transfer objects belong in the application layer (**/dto/** maps to application). The file has no persistence, transport, framework or business-rule logic. Every responsibility fits the declared layer.",
e7-corpus-000-realworld-test,realworld-test,FF-N02,semantic,src/profile/follows.entity.ts,file,domain,valid,fail,0.656667,0.032998,false,3,3,3,0,true,2,JC-N02-PERSISTENCE;JC-N02-FRAMEWORK;JC-N02-BUSINESS,"The file is declared in the domain layer, but its only job is persistence mapping. The class FollowsEntity is decorated with TypeORM's @Entity('follows'), which binds it to a database table. It also uses @PrimaryGeneratedColumn(), which makes the database generate the id, and @Column() on followerId and followingId, which defines the table columns. These decorators set table names, column mapping and key generation, so the class is a persistence model (an ORM table record) rather than a domain model. It has no domain behaviour or invariants: the follow relationship is stored as raw foreign-key ids. Under the rubric, persistence or framework logic in a domain file belongs to the infrastructure layer kind. Caveat: the layer model puts every *.entity.ts file in domain, which suggests the project may treat ORM entities as domain models. That ambiguity lowers confidence.","Class FollowsEntity is a TypeORM persistence mapping: @Entity('follows') maps it to a table, @PrimaryGeneratedColumn() makes the database generate the id, and @Column() maps followerId and followingId. This is persistence (infrastructure) work in a domain-layer file, and the class has no domain behaviour."
e7-corpus-000-realworld-test,realworld-test,FF-N02,semantic,src/profile/profile.module.ts,file,presentation,valid,pass,0.850000,0.000000,false,3,3,0,3,true,0,JC-N02-PERSISTENCE;JC-N02-TRANSPORT;JC-N02-FRAMEWORK;JC-N02-BUSINESS,"src/profile/profile.module.ts is a NestJS module, which the layer model places in presentation through the **/*.module.ts pattern. Everything in the file is declarative composition and wiring. The @Module decorator registers the controller, the provider and the imported modules. TypeOrmModule.forFeature registers the entities for dependency injection, which is a framework wiring call, not persistence logic like queries or repository code. The configure() method attaches AuthMiddleware to the 'profiles/:username/follow' route, which is HTTP routing setup and fits presentation. The file has no business rules, data access or domain logic. No ADR prose was given.",
e7-corpus-000-realworld-test,realworld-test,FF-N02,semantic,src/profile/profile.service.ts,file,application,valid,fail,0.646667,0.052493,false,3,3,3,0,true,0,JC-N02-PERSISTENCE;JC-N02-TRANSPORT;JC-N02-FRAMEWORK;JC-N02-BUSINESS,"ProfileService is declared as application layer. It coordinates use cases (follow, unfollow, find a profile), which fits that layer. But `follow` and `unFollow` throw `HttpException` with `HttpStatus.BAD_REQUEST`, so the service chooses HTTP status codes and error responses itself. Mapping a failure to an HTTP status is a transport job for the presentation layer, such as a controller or exception filter. It should not sit in an application service. `findOne` also deletes `user.password` and `user.id` to shape the response, which leans towards presentation work, though that is a minor point. Using the injected TypeORM `Repository` is the usual NestJS pattern and is a weaker concern. The main violation is the HTTP-specific exception handling.","follow() throws HttpException with HttpStatus.BAD_REQUEST. Choosing an HTTP status is a transport job for the presentation layer, not this application service. The service should throw an application or domain error, and a controller or exception filter should map it to HTTP. | unFollow() throws HttpException with HttpStatus.BAD_REQUEST for validation and business-rule failures. This mixes an HTTP transport concern (presentation layer) into the application layer."
e7-corpus-000-realworld-test,realworld-test,FF-N02,semantic,src/shared/base.controller.ts,file,presentation,valid,pass,0.693333,0.009428,false,3,3,0,3,true,0,JC-N02-PERSISTENCE;JC-N02-TRANSPORT;JC-N02-BUSINESS,"src/shared/base.controller.ts is a presentation-layer base controller. Its only responsibility is `getUserIdFromToken`, which reads the HTTP Authorization header, takes the bearer token, checks it with jwt.verify and returns the user id. Reading request credentials is a transport/HTTP concern. In this layer model, guards (src/common/guards/**, **/*.guard.ts) are presentation, so handling authentication at this layer fits its role. The file has no business rules, no persistence and no domain logic. One could argue that verifying the token signature belongs in an infrastructure strategy (**/strategies/**). However, a controller decoding the caller's identity from the request is a common presentation responsibility, not a clear move into another layer kind. No ADR prose contradicts this.",
e7-corpus-000-realworld-test,realworld-test,FF-N02,semantic,src/tag/tag.entity.ts,file,domain,valid,fail,0.673333,0.052493,false,3,3,3,0,true,0,JC-N02-PERSISTENCE;JC-N02-FRAMEWORK;JC-N02-BUSINESS,"src/tag/tag.entity.ts is in the domain layer because it matches the **/*.entity.ts pattern. All it contains is TypeORM persistence mapping. The class is a plain data holder. It has no domain behaviour or invariants. Its decorators handle object-relational mapping: they bind the class to the 'tag' database table and set a database-generated primary key and column mappings. That is persistence work, which belongs to the infrastructure layer, so the rubric's 'persistence logic in a domain file' case applies. This is the usual NestJS/TypeORM pattern, but under the declared layer model the file still mixes a database schema concern into a domain unit. Import direction is not part of this judgment. The finding is about the mapping work the decorators do, not about the typeorm import.","The TypeORM decorators on domain class TagEntity (`@Entity('tag')`, `@PrimaryGeneratedColumn()` on id, `@Column()` on tag) do persistence mapping (table, primary key generation and columns). That work belongs to the infrastructure layer, not the domain layer."
e7-corpus-000-realworld-test,realworld-test,FF-N02,semantic,src/tag/tag.service.ts,file,application,valid,pass,0.750000,0.000000,false,3,3,0,3,true,0,JC-N02-PERSISTENCE;JC-N02-TRANSPORT;JC-N02-BUSINESS,"TagService in src/tag/tag.service.ts is in the application layer. Its only job is the ""list all tags"" use case: findAll() asks an injected repository for the tags and returns them. The file builds no queries, writes no SQL, sets no ORM mapping or connection, and contains no transport or HTTP logic. It also holds no business rules that belong in the domain. The service depends on TypeORM's Repository<TagEntity> rather than its own port. That is a dependency or coupling choice, which is checked by other tools and out of scope here. The persistence work itself stays in the repository the service calls. So every responsibility in the file fits the application layer.",
e7-corpus-000-realworld-test,realworld-test,FF-N02,semantic,src/user/dto/create-user.dto.ts,file,application,valid,pass,0.910000,0.014142,false,3,3,0,3,true,1,JC-N02-PERSISTENCE;JC-N02-TRANSPORT;JC-N02-FRAMEWORK;JC-N02-BUSINESS,"src/user/dto/create-user.dto.ts sits in the application layer because it matches the **/dto/** pattern. All it does is define CreateUserDto, a data transfer object with three readonly fields (username, email, password). Each field has one input-validation decorator, @IsNotEmpty, from class-validator. Shaping and validating input data at the application boundary is a normal DTO job in this layer. The file has no persistence logic, no transport or HTTP handling, no framework wiring and no business rules. Required-field checks are input-contract validation, not domain logic, so nothing here belongs to another layer kind.",
e7-corpus-000-realworld-test,realworld-test,FF-N02,semantic,src/user/dto/login-user.dto.ts,file,application,valid,pass,0.916667,0.023570,false,3,3,0,3,true,0,JC-N02-PERSISTENCE;JC-N02-TRANSPORT;JC-N02-FRAMEWORK;JC-N02-BUSINESS,"The file is a plain DTO: it declares a data shape for login input and adds class-validator decorators that check the input is present. A DTO with this kind of input validation fits the application layer. The file contains no persistence, transport, framework wiring or business rules, so it has no responsibilities that belong to another layer.",
e7-corpus-000-realworld-test,realworld-test,FF-N02,semantic,src/user/user.controller.ts,file,presentation,valid,fail,0.600000,0.023570,false,3,3,2,1,true,0,JC-N02-TRANSPORT;JC-N02-FRAMEWORK;JC-N02-BUSINESS,"Most of UserController is plain presentation work. findMe, update, create and delete each map an HTTP route to a single UserService call, with validation pipes and Swagger decorators. The login() method is different: it runs the authentication use case inside the controller. It looks up the user from the login credentials, decides that a missing user means login fails, calls userService.generateJWT, and then builds the authenticated user result (email, token, username, bio, image). Deciding that credential lookup is followed by token issuance, and building the authenticated-user result, are application-layer steps. They belong in a service method such as UserService.login(dto) returning UserRO, with the controller only turning a failure into an HTTP 401. Turning the failure into an HttpException(401) is fine in presentation; running the use case's steps is not. This is a borderline case, since controllers often contain this kind of light orchestration.","login() runs the login use case itself: it calls userService.findOne, treats a missing user as a failed login, calls userService.generateJWT, and builds the {user: {email, token, username, bio, image}} result. This is application-layer orchestration and should move to a UserService.login method, leaving the controller to map the outcome to HTTP (for example, a 401)."
e7-corpus-000-realworld-test,realworld-test,FF-N02,semantic,src/user/user.entity.ts,file,domain,valid,fail,0.833333,0.023570,false,3,3,3,0,true,0,JC-N02-PERSISTENCE;JC-N02-FRAMEWORK;JC-N02-BUSINESS,"src/user/user.entity.ts is declared domain, but it is a TypeORM persistence model. It maps the class to a table and columns (@Entity('user'), @PrimaryGeneratedColumn, @Column with DB defaults, @JoinTable, @ManyToMany/@OneToMany relation mappings), which is persistence/infrastructure work. It also defines an ORM lifecycle hook, @BeforeInsert() hashPassword(), which calls argon2.hash at persistence time, coupling a save-time callback with an external crypto library (infrastructure concern). It also uses the class-validator @IsEmail() input-validation decorator, which belongs with DTOs at the application or presentation edge. Only the plain user data (id, username, email, bio, image, password and its links to articles) fits the domain role.","Domain file carries persistence mapping: @Entity('user'), @PrimaryGeneratedColumn, @Column (with DB defaults), @ManyToMany/@JoinTable/@OneToMany define table schema and relations for TypeORM, which is an infrastructure (persistence) responsibility. | @BeforeInsert() hashPassword() is an ORM insert hook that calls argon2.hash. Hashing passwords on save is persistence/infrastructure work and belongs in an application service or infrastructure hasher, not the domain entity. | @IsEmail() (class-validator) on the email field is input validation, which belongs in DTOs (application/presentation), not in the domain model."
e7-corpus-000-realworld-test,realworld-test,FF-N02,semantic,src/user/user.service.ts,file,application,valid,fail,0.806667,0.009428,false,3,3,3,0,true,2,JC-N02-PERSISTENCE;JC-N02-TRANSPORT,"UserService sits in the application layer, so its job is to orchestrate use cases. The file also does work that belongs to other layers. In create(), it builds a query directly with getRepository(UserEntity).createQueryBuilder(...).where/orWhere. That is persistence work, which belongs in infrastructure, for example a repository. In create() and findById(), it throws HttpException with HTTP status codes (HttpStatus.BAD_REQUEST and 401). Mapping errors to the transport layer belongs in presentation. In generateJWT(), it signs JWT tokens with jsonwebtoken and SECRET, which is security/token infrastructure. It also verifies password hashes with argon2. Finally, buildUserRO puts a token into the response shape, which mixes presentation response building with authentication concerns. Using an injected repository is acceptable for an application service, but the items above are not.","create() builds a TypeORM query directly with getRepository(UserEntity).createQueryBuilder('user').where(...).orWhere(...). This is persistence query logic that belongs in the infrastructure layer (a repository). | create() and findById() throw HttpException with HttpStatus.BAD_REQUEST / 401. HTTP transport error mapping belongs in the presentation layer, not in an application service. | generateJWT() signs tokens with jsonwebtoken and SECRET, and findOne() calls argon2.verify. These token and crypto mechanisms are infrastructure/auth responsibilities and should sit behind an infrastructure adapter."
e7-corpus-002-truthy-demo,truthy-demo,FF-N01,integrity,src/auth#application,module,application,valid,fail,0.783333,0.023570,false,3,3,3,0,true,0,JC-N01-SPLIT;JC-N01-DUP;JC-N01-BYPASS,"The unit has one file, src/auth/auth.service.ts, and it fails all three parts of the rubric. 1. It mixes unrelated concerns. The AuthService class covers: - login and throttling (login, limitConsumerPromiseHandler) - user administration (findAll, findById, update, countByCondition) - profile avatar file deletion through fs - account activation and password reset - two-factor setup (setTwoFactorAuthenticationSecret, turnOnTwoFactorAuthentication) - building raw Set-Cookie strings (buildResponsePayload, getCookieForLogOut) - pass-through refresh-token and dashboard methods (activeRefreshTokenList, revokeTokenById, getRefreshTokenGroupedData) 2. It repeats rules that should live in one place: - The 'now + 1 hour' token expiry is written out separately in create and in forgotPassword. - The SameSite/Secure cookie suffix is repeated six times across buildResponsePayload and getCookieForLogOut. - turnOnTwoFactorAuthentication builds its own MailJobInterface and calls mailService.sendMail directly, instead of using the class's sendMailToUser helper. - sendMailToUser reads config.get('app') again, hiding the module-level appConfig. 3. It goes around its own abstractions: - It injects UserRepository (which has store, updateEntity, update and so on), yet activateAccount, forgotPassword, resetPassword and changePassword save entities directly with user.save(). - update deletes files with existsSync and unlinkSync on a hard-coded 'public/images/profile' path. 4. It breaks its own uniqueness rule. generateUniqueToken discards the result of its recursive call and returns the original token, even when that token already exists.","AuthService mixes unrelated concerns: login throttling, user administration (findAll/update/countByCondition), avatar file deletion, password reset, 2FA setup, Set-Cookie string building, and refresh-token/dashboard pass-through methods. | The 1-hour token expiry rule is repeated in create() and forgotPassword(), and the SameSite/Secure cookie suffix is repeated six times in buildResponsePayload() and getCookieForLogOut(). | turnOnTwoFactorAuthentication() builds MailJobInterface and calls mailService.sendMail itself instead of using the class's sendMailToUser() helper. | activateAccount/forgotPassword/resetPassword/changePassword save entities with user.save() instead of the injected UserRepository, and update() deletes files directly with fs.existsSync/unlinkSync. | generateUniqueToken() ignores the result of its recursive call, so a duplicate token can be returned and the uniqueness rule is not enforced."
e7-corpus-002-truthy-demo,truthy-demo,FF-N01,integrity,src/auth#infrastructure,module,infrastructure,valid,pass,0.600000,0.000000,false,3,3,1,2,true,0,JC-N01-SPLIT;JC-N01-DUP;JC-N01-BYPASS,"The unit is one file, src/auth/user.repository.ts, with one class, UserRepository. That class extends BaseRepository<UserEntity, UserSerializer>. All of its methods deal with the user entity: store saves a user, login and getUserForResetPassword look users up, and transform/transformMany convert UserEntity to UserSerializer. That is one cohesive concern. transform and transformMany replace the base class's methods of the same names using the same generic types. That uses the module's abstraction rather than going around it. There are some concerns. login decides policy: it checks the password, requires status ACTIVE, and maps failures to ExceptionTitleList and StatusCodesList codes. store sets the default status (INACTIVE) and generates the password salt. getUserForResetPassword applies the rule that a reset token must still be valid. These are authentication rules that arguably belong in a service, not a repository. However, I can't see the other files, so I can't show that any of these rules is repeated elsewhere, such as in JwtStrategy or AuthService. Within this file, each rule appears only once. The file does not split into unrelated concerns, and there is no shown bypass of BaseRepository. Questions about which layer this logic should live in are out of scope for this rule. Result: pass, with moderate confidence.",
e7-corpus-002-truthy-demo,truthy-demo,FF-N01,integrity,src/auth#presentation,module,presentation,valid,pass,0.626667,0.024944,false,3,3,0,3,true,0,JC-N01-SPLIT;JC-N01-DUP;JC-N01-BYPASS,"The two files make up the presentation and wiring for one NestJS auth feature. auth.module.ts registers AuthController, AuthService, the JWT/Passport strategies and the login-throttle provider. auth.controller.ts sends every endpoint through the injected AuthService. Its concerns are registration and login, token refresh and logout, profile, user administration and session (refresh-token) listing. These are all identity and user-account concerns built around the same UserEntity and refresh-token aggregate. They are related, not separate concerns. The controller uses the module's own abstractions throughout: it calls AuthService for business logic, GetUser for the current user, and JwtTwoFactorGuard/PermissionGuard for access control. It never reaches into UserRepository or the Redis client directly. There are some small cohesion weaknesses, but none rises to a rubric failure. First, the cookie name 'Refresh' is hard-coded in both AuthController.refresh and AuthController.logOut, while the service owns cookie building (getCookieForLogOut), so knowledge of the cookie name is spread across two layers. Second, logOut reads req.cookies['Refresh'] twice into two separate variables. Third, auth.module.ts builds the Redis client and repeats the 'process.env.X || config.y' fallback pattern inside LoginThrottleFactory and the JwtModule factory. That is infrastructure wiring, but it is common in Nest modules and stays within one file. Mixing admin user CRUD (/users) into AuthController is debatable, but it covers the same User aggregate and service.",
e7-corpus-002-truthy-demo,truthy-demo,FF-N01,integrity,src/auth/entity,module,domain,valid,pass,0.766667,0.033993,false,3,3,0,3,true,2,JC-N01-SPLIT;JC-N01-DUP;JC-N01-BYPASS,"This module has a single file, src/auth/entity/user.entity.ts, which declares one class, UserEntity. The class covers one concern: how a user is stored and how its password is handled. It has the user's columns (username, email, password, salt, token, the 2FA fields and the role relation). Its behaviour is all about the password: hashing it, the insert and update hooks, and checking it. The class builds on the project's CustomBaseEntity base class rather than going around it. The password-hashing logic stays inside this class. Both hooks, hashPasswordBeforeInsert and hashPasswordBeforeUpdate, call the shared hashPassword() method. validatePassword uses the same bcrypt-with-this.salt approach, so the hashing rule is not spread across the file. The one small repeat is the check `this.password && !this.skipHashPassword`, which appears in both hooks. It is only a few characters in one file and does not split the logic or bypass anything. The file has no unrelated parts, no rule copied elsewhere in the module, and no bypassed abstraction. Import direction and the fact that bcrypt and TypeORM are used in the domain layer are out of scope.",
e7-corpus-002-truthy-demo,truthy-demo,FF-N01,integrity,src/common/guard,module,presentation,valid,fail,0.776667,0.020548,false,3,3,3,0,true,2,JC-N01-DUP,"All four files are NestJS guards (throttling, JWT authentication, two-factor JWT authentication and route permission), so the module has one concern, request guarding. The rubric also fails a module that duplicates a rule which should live in one place, and this one does. JwtAuthGuard and JwtTwoFactorGuard contain the same `canActivate` and `handleRequest` bodies, character for character. That code is the policy for turning authentication failures into exceptions: an expired token becomes ForbiddenException('tokenExpired', StatusCodesList.TokenExpired), and an error or missing user is rethrown or becomes UnauthorizedException. Because it is copied, a change to it, such as a new status code or a refresh-token rule, has to be made in both files. The only real difference between the two classes is the passport strategy name, so the shared logic belongs in a base class or factory, for example a mixin that takes the strategy name. A smaller issue: PermissionGuard repeats its route-matching check (`route.path === path && route.method === method`) in both checkIfDefaultRoute and checkIfUserHavePermission. CustomThrottlerGuard is fine.","JwtTwoFactorGuard.handleRequest and canActivate copy JwtAuthGuard: the TokenExpiredError -> ForbiddenException('tokenExpired', StatusCodesList.TokenExpired) mapping and the err/!user -> UnauthorizedException rule. This auth-failure policy should live in one shared base class or factory that takes the strategy name. | JwtAuthGuard.handleRequest holds the same token-expiry and unauthorized mapping that is copied in JwtTwoFactorGuard, so the invariant is defined in two places."
e7-corpus-002-truthy-demo,truthy-demo,FF-N01,integrity,src/common/middleware,module,infrastructure,valid,pass,0.900000,0.000000,false,3,3,0,3,true,0,JC-N01-DUP,"The module has a single file, src/common/middleware/logger.middleware.ts, which declares one class, LoggerMiddleware, implementing NestMiddleware. That gives it one concern: request middleware. No rule or invariant is repeated, because there is only one declaration, and nothing in the file goes around the module's own abstractions. The use() method only calls next(), and the logging line is commented out, so the class doesn't log anything yet. That is a gap in what it does, not a problem with how the module is organised, so it doesn't fail this rule.",
e7-corpus-002-truthy-demo,truthy-demo,FF-N01,integrity,src/common/pipes,module,infrastructure,valid,fail,0.610000,0.009428,false,3,3,2,1,true,2,JC-N01-SPLIT;JC-N01-DUP,"Three of the files are about validating input. abstract-unique-validator.ts and unique-validator.pipe.ts are a clean base class and its concrete class: UniqueValidatorPipe extends AbstractUniqueValidator and only adds dependency injection. custom-validation.pipe.ts is a PipeTransform that checks incoming DTOs. i18n-exception-filter.pipe.ts is a different concern. It is a NestJS ExceptionFilter marked @Catch(HttpException). It catches every HTTP exception, picks the language from the request, translates messages with I18nService, logs through winston and writes the HTTP response. It is not a pipe and does not validate anything. Its name ends in 'Pipe' and it sits in this folder, but the layer model has a separate src/common/filters/** location for filters. The filter also depends on an unstated agreement with CustomValidationPipe. CustomValidationPipe.transformError builds an array of {property, constraints} and throws it as an UnprocessableEntityException. I18nExceptionFilterPipe.translateArray(errors: any[]) reads item.property and item.constraints again with no shared type. So the shape of a validation error is written down separately in two files instead of being defined once. The filter also keeps its own hard-coded list of constraint names whose messages it parses as 'title-JSON' (constraintsValidator), which the validators never declare. Because one file is a separate concern and the module's validation-error shape is defined in two places, the module is not one coherent unit.","I18nExceptionFilterPipe is an ExceptionFilter (@Catch(HttpException)) that translates messages, logs and writes the HTTP response. This concern is unrelated to the validation pipes in this module. It is misnamed as a pipe and belongs with the filters. | translateArray(errors: any[]) re-reads the {property, constraints} validation-error shape that CustomValidationPipe.transformError produces, with no shared type. It also hard-codes its own list of constraint names (constraintsValidator) and the 'title-JSON' message format, so rules about validation errors are kept in more than one place. | transformError builds an untyped validation-error array whose shape the exception filter must copy. The contract is defined implicitly instead of in one shared abstraction."
e7-corpus-002-truthy-demo,truthy-demo,FF-N01,integrity,src/dashboard#application,module,application,valid,pass,0.850000,0.000000,false,3,3,0,3,true,0,JC-N01-DUP;JC-N01-BYPASS,"The unit is one file, src/dashboard/dashboard.service.ts, and it handles a single concern: building dashboard statistics. These are user counts by status and refresh-token data grouped by OS and by browser. It gets all of its data through the injected AuthService, using countByCondition and getRefreshTokenGroupedData. It never reaches into repositories or the persistence layer directly, so it does not bypass the module's abstractions. Each method returns one of the dashboard's own interface types. No rule or invariant is repeated: the status filters come from UserStatusEnum rather than hard-coded strings, and the grouping logic stays in AuthService. getOsData and getBrowserData look alike, but each is a one-line call to the same shared method with a different key, so the logic is not duplicated.",
e7-corpus-002-truthy-demo,truthy-demo,FF-N01,integrity,src/dashboard#presentation,module,presentation,valid,pass,0.900000,0.000000,false,3,3,0,3,true,0,JC-N01-DUP,"The two files cover one concern: putting dashboard statistics behind HTTP endpoints. DashboardController hands every route to the injected DashboardService and does not go around it. DashboardModule wires that controller and service together and imports AuthModule for the guards. No rule or invariant is repeated, the guards are applied once at class level, and the module uses its own abstractions throughout.",
e7-corpus-002-truthy-demo,truthy-demo,FF-N01,integrity,src/email-template#infrastructure,module,infrastructure,valid,pass,0.833333,0.023570,false,3,3,0,3,true,1,JC-N01-SPLIT;JC-N01-DUP;JC-N01-BYPASS,"The unit is a single file, src/email-template/email-template.repository.ts, and it handles one concern: persisting email templates and mapping EmailTemplateEntity records to EmailTemplate serializer objects. It extends the shared BaseRepository<EmailTemplateEntity, EmailTemplate> and fills in only the transform and transformMany hooks. transformMany calls this.transform instead of repeating the mapping logic, so the mapping rule lives in one place. The source does not show the file working around its own abstractions or mixing in an unrelated concern. BaseRepository's source was not provided, so I can't fully confirm that this mapping isn't duplicated there. Still, the base class is generic over entity and serializer types, so each subclass most likely has to supply its own transform.",
e7-corpus-002-truthy-demo,truthy-demo,FF-N01,integrity,src/email-template/dto,module,application,valid,pass,0.675000,0.040825,false,3,3,1,2,true,1,JC-N01-SPLIT;JC-N01-DUP;JC-N01-BYPASS,"All three files are request DTOs for the email-template resource (create, update, search filter), so they serve one concern. UpdateEmailTemplateDto builds on CreateEmailTemplateDto through PartialType, so the create rules (MaxLength, UniqueValidatorPipe, IsEmail, MinLength) stay in one place and are inherited, not copied. EmailTemplatesSearchFilterDto builds on the shared CommonSearchFieldDto. One small smell: UpdateEmailTemplateDto declares `title` again with @IsString(), which PartialType already copies, and uses @Optional from @nestjs/common (a dependency-injection decorator, not class-validator's IsOptional). This repeats one check and doesn't add a conflicting rule, so I count it as a code smell rather than a split, a copied rule or a bypass.",
e7-corpus-002-truthy-demo,truthy-demo,FF-N01,integrity,src/email-template/entities,module,domain,valid,pass,0.893333,0.009428,false,3,3,0,3,true,1,JC-N01-SPLIT;JC-N01-DUP;JC-N01-BYPASS,"The unit has one file, src/email-template/entities/email-template.entity.ts. It declares a single persistence entity, EmailTemplateEntity, for the 'email_templates' table, so it covers one concern. The class builds on the project's shared base abstraction (`extends CustomBaseEntity`) and does not redefine base fields such as id or timestamps, so it does not bypass that abstraction. Each rule is stated once, on its own property: the unique index on `title` lives only in this file. Nothing in the unit is duplicated, split across concerns or bypassed.",
e7-corpus-002-truthy-demo,truthy-demo,FF-N01,integrity,src/mail#presentation,module,presentation,valid,pass,0.740000,0.028284,false,3,3,0,3,true,0,JC-N01-DUP,"The unit has one file, src/mail/mail.module.ts. It handles a single concern: wiring the mail feature. It sets up the mail queue (BullModule.registerQueueAsync), the mailer transport (MailerModule.forRootAsync) and the template dependency (EmailTemplateModule). It registers MailService and MailProcessor as providers and exports only MailService, so the module's boundary is used consistently. Settings are read the same way throughout, with process.env overriding the config defaults, and each setting appears only once in the file. The provided source doesn't show the same rule or invariant defined anywhere else. The Redis connection settings could be repeated in other modules, but those files aren't included, so that can't be checked here. One small issue: MAIL_FROM sets both the display name and the address. That looks like a configuration bug, not a cohesion problem. Nothing in the file goes around the module's own abstractions.",
e7-corpus-002-truthy-demo,truthy-demo,FF-N01,integrity,src/permission#presentation,module,presentation,valid,pass,0.870000,0.014142,false,3,3,0,3,true,1,JC-N01-SPLIT;JC-N01-DUP,"Both files deal only with exposing and wiring the Permission resource. In permissions.controller.ts, PermissionsController passes every endpoint (create, findAll, findOne, update, remove, syncPermission) straight to the injected PermissionsService. It contains no business logic of its own, does not repeat any rules and does not go around the service. Its guards are applied once, at class level. permissions.module.ts declares PermissionsModule, which only wires the controller, the service, the repository and the UniqueValidatorPipe, and exports PermissionsService. Neither file contains logic that competes with the other, and nothing in them is duplicated or splits into an unrelated concern.",
e7-corpus-002-truthy-demo,truthy-demo,FF-N01,integrity,src/permission/entities,module,domain,valid,pass,0.760000,0.082192,false,3,3,1,2,true,2,JC-N01-SPLIT;JC-N01-DUP,"The unit has one file, src/permission/entities/permission.entity.ts, which declares a single TypeORM entity, PermissionEntity. It covers one concern: the permission persistence model, with fields resource, description, path, method and isDefault, plus a many-to-many link to RoleEntity. It extends the shared CustomBaseEntity and does not redefine what the base class provides. The constructor calls super() and copies the optional Partial<PermissionEntity> argument onto the instance. The rule that description must be unique is declared twice, by the class-level @Unique(['description']) and the field-level @Index({ unique: true }). Both declarations are in the same file, so the rule stays in one place and is not split across the module. This is a small redundancy, not a coherence failure, but it may create two unique constraints in the database and could be cleaned up.",
e7-corpus-002-truthy-demo,truthy-demo,FF-N01,integrity,src/refresh-token#application,module,application,valid,pass,0.620000,0.009428,false,3,3,1,2,true,1,JC-N01-SPLIT;JC-N01-DUP;JC-N01-BYPASS,"The unit is one file, src/refresh-token/refresh-token.service.ts. Every public method deals with refresh tokens: issuing (generateRefreshToken), decoding and validating (decodeRefreshToken, resolveRefreshToken and the getXFromRefreshTokenPayload helpers), exchanging for an access token (createAccessTokenFromRefreshToken), listing active tokens (getRefreshTokenByUserId), revoking (revokeRefreshTokenById) and aggregate statistics (getRefreshTokenGroupedData). That is one cohesive concern, so the file does not split into unrelated concerns. The service mostly goes through RefreshTokenRepository (createRefreshToken, findTokenById, getPaginationInfo, transformMany, findAndCount). There are some inconsistencies: - getRefreshTokenGroupedData writes a raw query with createQueryBuilder. - revokeRefreshTokenById saves the token directly with token.save() instead of going through the repository. - getRefreshTokenByUserId puts the 'active token' filter (isRevoked false, expires >= now) inline in the service. - 'Not found' is raised two ways: CustomHttpException(NotFound) in resolveRefreshToken and NotFoundException in revokeRefreshTokenById. - The InvalidRefreshToken exception is built the same way in several places. These are style and consistency problems inside a single file, not a duplicated rule spread across files or a clear bypass of a module boundary. The invariants are each defined once in this file. On balance the unit meets the rubric, with minor findings.",
e7-corpus-002-truthy-demo,truthy-demo,FF-N01,integrity,src/refresh-token/entities,module,domain,valid,pass,0.900000,0.000000,false,3,3,0,3,true,0,JC-N01-DUP,"This unit is a single file, src/refresh-token/entities/refresh-token.entity.ts. It declares one TypeORM entity, RefreshToken, that maps the 'refresh_token' table. Every field is a column for that one record, so the file covers a single concern. The file contains no other logic: it has no rules or invariants that could be duplicated, and it never goes around its own abstractions. The entity depends on TypeORM decorators and extends BaseEntity (the active-record style). That is a question of layer dependency, which this check does not cover. The rule passes.",
e7-corpus-002-truthy-demo,truthy-demo,FF-N01,integrity,src/role#infrastructure,module,infrastructure,valid,pass,0.766667,0.023570,false,3,3,0,3,true,1,JC-N01-SPLIT;JC-N01-DUP;JC-N01-BYPASS,"The unit is a single file, src/role/role.repository.ts. Its class RoleRepository handles only role persistence (store, updateItem) and turning role entities into serializers (transform, transformMany). Both persistence methods return their result through the class's own transform method, and transformMany reuses transform, so the mapping rule is written once. The class extends BaseRepository<RoleEntity, RoleSerializer>, which matches the repository pattern. transform and transformMany may repeat logic in BaseRepository, but that file wasn't provided. They are most likely implementations of methods the base class declares for each repository to supply, so this doesn't count as clear duplication or a bypass. No split concern, duplicated invariant or bypassed abstraction can be seen.",
e7-corpus-002-truthy-demo,truthy-demo,FF-N01,integrity,src/role/entities,module,domain,valid,pass,0.773333,0.037712,false,3,3,0,3,true,1,JC-N01-SPLIT;JC-N01-DUP;JC-N01-BYPASS,"The module has one file, `src/role/entities/role.entity.ts`, and it defines a single TypeORM entity, `RoleEntity`. The entity holds the fields `name` and `description` and a many-to-many `permission` relation through the `role_permission` join table. That is one concern. It uses the project's shared base class `CustomBaseEntity` rather than redefining id or timestamp columns, and it follows the same `Partial<T>` constructor pattern. Nothing splits into unrelated concerns, and the file doesn't bypass any of the module's abstractions. One small issue: the uniqueness of `name` is declared twice, once with the class-level `@Unique(['name'])` and again with `@Index({ unique: true })` on the property. This is a local redundancy inside one file, not an invariant spread across files. It could create two database constraints, but it doesn't break the module's cohesion or boundary, so it doesn't justify a fail.",
e7-corpus-002-truthy-demo,truthy-demo,FF-N01,integrity,src/twofa/dto,module,application,valid,pass,0.913333,0.009428,false,3,3,0,3,true,0,JC-N01-SPLIT;JC-N01-DUP,"This module passes. Both files are request DTOs for the two-factor authentication feature (the twofa controller). They cover one concern: checking 2FA request data with class-validator decorators. Neither file repeats a rule or invariant from the other: one checks the 2FA code and the other checks the enable/disable flag. Neither file goes around the module's own abstractions. Both follow the same plain class-validator DTO pattern, with no business logic. One small, cosmetic difference: the classes capitalise the feature name differently ('Twofa' in TwofaCodeDto, 'TwoFa' in TwoFaStatusUpdateDto). This doesn't split the module's concerns or abstractions.",
e7-corpus-002-truthy-demo,truthy-demo,FF-N02,semantic,src/app.controller.ts,file,presentation,valid,pass,0.950000,0.000000,false,3,3,0,3,true,0,JC-N02-PERSISTENCE;JC-N02-TRANSPORT;JC-N02-FRAMEWORK;JC-N02-BUSINESS,"src/app.controller.ts sits in the presentation layer. All it does is define a NestJS controller with two HTTP endpoints: GET /health and GET ''. Each one returns a fixed response object. It has no persistence, no business rules or domain logic, and no infrastructure concerns. Handling HTTP routes and shaping responses is exactly what the presentation layer is for.",
e7-corpus-002-truthy-demo,truthy-demo,FF-N02,semantic,src/app.module.ts,file,presentation,valid,pass,0.786667,0.009428,false,3,3,0,3,true,1,JC-N02-PERSISTENCE;JC-N02-TRANSPORT;JC-N02-FRAMEWORK;JC-N02-BUSINESS,"src/app.module.ts matches the presentation layer through the **/*.module.ts pattern. It is the NestJS root module, which acts as the app's composition root. All it does is declare module wiring. It imports feature modules, registers framework modules with forRoot or forRootAsync factories, binds global providers (APP_PIPE, APP_GUARD, APP_FILTER) and registers AppController. It has no business rules, domain logic or persistence/transport code of its own. TypeORM, throttle and Winston settings are loaded from separate files in src/config. The only inline settings are for i18n (fallback language, parser path, resolvers) and ServeStatic (root path, exclusions), and these are framework wiring settings, not logic. Writing module metadata is the normal job of a *.module.ts file, so this fits the declared layer.",
e7-corpus-002-truthy-demo,truthy-demo,FF-N02,semantic,src/auth/auth.service.ts,file,application,valid,fail,0.840000,0.014142,false,3,3,3,0,true,0,JC-N02-PERSISTENCE;JC-N02-TRANSPORT,"AuthService is declared in the application layer, so it should coordinate use cases. Most of the file does that: login flow, account activation, password reset and 2FA toggling. However, it also takes on work that belongs to other layers. It builds raw HTTP Set-Cookie header strings, including the HttpOnly, SameSite, Secure and Max-Age attributes, which is a transport concern for the presentation layer. It deletes files on the local filesystem directly with fs.existsSync/unlinkSync, which is an infrastructure concern. It also builds TypeORM query conditions (Not(id)) and persists entities through ActiveRecord save() calls instead of going through the repository, which is persistence logic. Responses are also tied to HTTP through HttpStatus codes.","getCookieForLogOut() and buildResponsePayload() build HTTP Set-Cookie header strings (HttpOnly, SameSite, Secure, Max-Age). That is presentation/transport logic, not an application concern. | update() deletes avatar files directly with fs existsSync/unlinkSync on 'public/images/profile/...'. That is infrastructure (file storage) logic. | update() builds a TypeORM-specific query condition (Not(id)), and several methods (activateAccount, forgotPassword, resetPassword, changePassword, revokeRefreshToken) call entity.save() directly. That is persistence logic belonging to infrastructure."
e7-corpus-002-truthy-demo,truthy-demo,FF-N02,semantic,src/auth/dto/change-password.dto.ts,file,application,valid,pass,0.850000,0.000000,false,3,3,0,3,true,0,JC-N02-PERSISTENCE;JC-N02-TRANSPORT;JC-N02-FRAMEWORK;JC-N02-BUSINESS,"The file declares one data transfer object, ChangePasswordDto, in the application layer. DTOs belong in the application layer under this layer model (**/dto/**, **/*.dto.ts). The file only defines the input fields (oldPassword, password, confirmPassword) and adds class-validator decorators that check the input's shape and format. That includes the password-strength regex and the check that confirmPassword equals password, which is normal input validation for an application-layer DTO. The file has no persistence logic, no transport or HTTP handling, no framework wiring, and no domain entity behaviour. Nothing in it belongs to a different layer kind.",
e7-corpus-002-truthy-demo,truthy-demo,FF-N02,semantic,src/auth/user.repository.ts,file,infrastructure,valid,fail,0.850000,0.000000,false,3,3,3,0,true,0,JC-N02-PERSISTENCE;JC-N02-TRANSPORT;JC-N02-BUSINESS,"This file is declared as infrastructure, a persistence repository. Its query methods fit that role: the findOne lookups and the query builder in getUserForResetPassword. It also carries application and business rules that do not belong in a repository. login() does more than fetch a user. It checks credentials through user.validatePassword, enforces the rule that only ACTIVE users may log in, and builds error results from ExceptionTitleList and StatusCodesList. That is authentication use-case logic, which belongs in the application layer (AuthService). store() sets a business default (new users start as INACTIVE) and handles password-salt generation with bcrypt.genSalt. That is registration and security policy, which also belongs in the application or domain layer. transform() and transformMany() shape output into UserSerializer objects using class-transformer, which is closer to presentation work than persistence.","login() checks passwords with user.validatePassword, enforces the ACTIVE-status login rule, and returns ExceptionTitleList/StatusCodesList error tuples. This is authentication business logic for the application layer (e.g. AuthService), not persistence. | store() sets the default user status to INACTIVE and generates the password salt with bcrypt.genSalt(). These are registration and security policies for the application or domain layer, not the infrastructure repository. | transform()/transformMany() turn entities into UserSerializer output objects using class-transformer. Shaping responses is presentation work, not persistence."
e7-corpus-002-truthy-demo,truthy-demo,FF-N02,semantic,src/common/entity/custom-base.entity.ts,file,domain,valid,fail,0.733333,0.047140,false,3,3,3,0,true,0,JC-N02-PERSISTENCE;JC-N02-FRAMEWORK;JC-N02-BUSINESS,"The file is declared domain because it matches **/*.entity.ts, but all of its content is persistence (infrastructure) logic. CustomBaseEntity extends TypeORM's BaseEntity, so every subclass inherits database methods (save, remove, find and others) and becomes a persistence object. The fields carry ORM column decorators that set database column types ('timestamp'), SQL defaults (CURRENT_TIMESTAMP) and onUpdate triggers. That is database schema mapping. The file holds no business rules or invariants. The rubric names persistence logic in a domain file as a failure. Import direction is out of scope; this finding is about the responsibility the file carries.","CustomBaseEntity extends TypeORM BaseEntity, so it inherits database methods like save, remove and find. Its id, createdAt and updatedAt fields carry ORM column mapping (PrimaryGeneratedColumn, CreateDateColumn, UpdateDateColumn with 'timestamp' types, SQL CURRENT_TIMESTAMP defaults and onUpdate). This is persistence logic for the infrastructure layer, but the file is declared domain."
e7-corpus-002-truthy-demo,truthy-demo,FF-N02,semantic,src/common/extra/common-search-field.dto.ts,file,application,valid,pass,0.840000,0.014142,false,3,3,0,3,true,0,JC-N02-PERSISTENCE;JC-N02-TRANSPORT;JC-N02-FRAMEWORK;JC-N02-BUSINESS,"The file is a pure input DTO for search and pagination parameters: keywords, limit and page. The layer model explicitly assigns **/*.dto.ts files to the application layer, so this file is in the right layer for its role. Its only responsibilities are declaring the input shape, validating it (class-validator), converting types (class-transformer parseInt) and adding OpenAPI metadata. These are the usual concerns of an application-layer DTO in NestJS. The file contains no persistence, framework wiring, HTTP handling or business rules. The Swagger decorators touch on transport, but they only describe the data and do not handle requests, so they fit the DTO role.",
e7-corpus-002-truthy-demo,truthy-demo,FF-N02,semantic,src/common/guard/jwt-auth.guard.ts,file,presentation,valid,pass,0.886667,0.009428,false,3,3,0,3,true,2,JC-N02-PERSISTENCE;JC-N02-TRANSPORT;JC-N02-FRAMEWORK;JC-N02-BUSINESS,"The file is in the presentation layer because it matches the **/*.guard.ts pattern. It contains a NestJS/Passport auth guard that checks the request context. It turns JWT validation results (expired token, missing user) into HTTP exceptions. Guarding requests at the transport edge is a presentation-layer job. The file has no persistence code, no business rules and no domain logic. The JWT verification itself is handled by the 'jwt-strategy', which lives elsewhere.",
e7-corpus-002-truthy-demo,truthy-demo,FF-N02,semantic,src/common/middleware/logger.middleware.ts,file,infrastructure,valid,pass,0.936667,0.009428,false,3,3,0,3,true,0,JC-N02-TRANSPORT;JC-N02-FRAMEWORK;JC-N02-BUSINESS,"src/common/middleware/logger.middleware.ts sits in the infrastructure layer. Its only job is framework middleware: a NestJS middleware that wraps Express request handling and just calls next(). It has no business rules, domain logic or presentation logic, so this is cross-cutting framework plumbing, which fits the infrastructure role. The commented-out line does nothing.",
e7-corpus-002-truthy-demo,truthy-demo,FF-N02,semantic,src/common/pipes/i18n-exception-filter.pipe.ts,file,infrastructure,valid,pass,0.833333,0.023570,false,3,3,0,3,true,1,JC-N02-TRANSPORT;JC-N02-FRAMEWORK;JC-N02-BUSINESS,"src/common/pipes/i18n-exception-filter.pipe.ts is declared infrastructure. It is a NestJS exception filter (@Catch(HttpException), implements ExceptionFilter). Its responsibilities are cross-cutting framework concerns: catching HTTP exceptions, reading the request language, translating error messages through I18nService, shaping the error response JSON and logging failures with winston. The layer model puts filters (src/common/filters/**) and pipes in infrastructure, so this role fits. checkIfConstraintAvailable and translateArray only parse and format messages; they do not apply domain or business rules. Assigning StatusCodesList.ValidationError to 422 responses is a mapping of error codes for the response, not a business decision. No ADR prose was given. No misplaced responsibility was found.",
e7-corpus-002-truthy-demo,truthy-demo,FF-N02,semantic,src/common/pipes/unique-validator.pipe.ts,file,infrastructure,valid,pass,0.860000,0.014142,false,3,3,0,3,true,0,JC-N02-PERSISTENCE;JC-N02-TRANSPORT;JC-N02-FRAMEWORK;JC-N02-BUSINESS,"This file passes. It is a thin infrastructure adapter: a NestJS-injectable class-validator constraint that receives a TypeORM Connection through @InjectConnection and passes it to AbstractUniqueValidator. Its only jobs are wiring the framework and giving the validator access to persistence, and both belong in the infrastructure layer (src/common/pipes/**). The file contains no business rules, domain logic or transport/controller logic, and no ADR prose was provided to contradict this. The uniqueness-check logic lives in AbstractUniqueValidator, which is outside this unit.",
e7-corpus-002-truthy-demo,truthy-demo,FF-N02,semantic,src/dashboard/dashboard.controller.ts,file,presentation,valid,pass,0.950000,0.000000,false,3,3,0,3,true,0,JC-N02-PERSISTENCE;JC-N02-TRANSPORT;JC-N02-FRAMEWORK;JC-N02-BUSINESS,"DashboardController is a thin NestJS controller. It declares HTTP routes, applies auth guards and Swagger tags, and hands each request to DashboardService. Routing, guard application and API documentation are all presentation-layer work. The file contains no business rules, persistence, data aggregation or infrastructure logic.",
e7-corpus-002-truthy-demo,truthy-demo,FF-N02,semantic,src/dashboard/entities/dashboard.entity.ts,file,domain,valid,pass,0.950000,0.000000,false,3,3,0,3,true,0,JC-N02-PERSISTENCE;JC-N02-TRANSPORT;JC-N02-FRAMEWORK;JC-N02-BUSINESS,"The file only declares an empty class, `Dashboard`. It has no persistence, transport, framework or business logic, so nothing in it belongs to another layer. An empty entity class is allowed in the domain layer.",
e7-corpus-002-truthy-demo,truthy-demo,FF-N02,semantic,src/email-template/entities/email-template.entity.ts,file,domain,valid,fail,0.600000,0.000000,false,3,3,2,1,true,0,JC-N02-PERSISTENCE;JC-N02-FRAMEWORK;JC-N02-BUSINESS,"This file is declared as domain through the **/*.entity.ts pattern, but its only job is persistence mapping. EmailTemplateEntity is a TypeORM schema definition. @Entity({ name: 'email_templates' }) binds it to a database table, the @Column() decorators map its fields to columns, and @Index({ unique: true }) on title defines a database uniqueness constraint. Table names, column mappings and indexes are persistence concerns, which belong to the infrastructure layer. The class has no domain behaviour or invariants of its own, so it is really an ORM data model. The rubric names persistence logic in a domain file as a failure. Confidence is moderate because the project puts *.entity.ts in the domain layer on purpose, which is a common NestJS/TypeORM convention. Still, judged against the layer's role, persistence mapping is not a domain responsibility.","EmailTemplateEntity carries persistence responsibilities that belong to the infrastructure layer: @Entity({ name: 'email_templates' }) maps it to a table, @Column() decorators map its fields, and @Index({ unique: true }) on title defines a database constraint. These sit in a file declared as domain."
e7-corpus-002-truthy-demo,truthy-demo,FF-N02,semantic,src/permission/permission.repository.ts,file,infrastructure,valid,pass,0.850000,0.024495,false,3,3,0,3,true,0,JC-N02-PERSISTENCE;JC-N02-TRANSPORT;JC-N02-BUSINESS,"This file is a TypeORM repository in the infrastructure layer. It has three methods. syncPermission is a plain database write: it runs an insert-or-ignore query through the query builder. transform and transformMany only map persistence entities to serializer objects. All three are persistence and data-mapping work, which belongs in the infrastructure layer. The file has no business rules, no transport or HTTP handling, and no presentation logic.",
e7-corpus-002-truthy-demo,truthy-demo,FF-N02,semantic,src/permission/permissions.module.ts,file,presentation,valid,pass,0.870000,0.014142,false,3,3,0,3,true,1,JC-N02-PERSISTENCE;JC-N02-TRANSPORT;JC-N02-FRAMEWORK;JC-N02-BUSINESS,"src/permission/permissions.module.ts falls under the presentation layer through the **/*.module.ts pattern. Its only job is NestJS composition: it declares the controllers, providers and exports with the @Module decorator, and it registers the repository for dependency injection with TypeOrmModule.forFeature. It contains no business rules, no persistence queries, no transport handling and no domain logic. The forFeature call only registers the repository for injection and runs no persistence code, so the file does not take on infrastructure work. Wiring modules together is a normal task for a framework or presentation module file. Which layers it imports from is out of scope for this rule.",
e7-corpus-002-truthy-demo,truthy-demo,FF-N02,semantic,src/refresh-token/entities/refresh-token.entity.ts,file,domain,valid,fail,0.666667,0.049889,false,3,3,3,0,true,2,JC-N02-PERSISTENCE;JC-N02-FRAMEWORK;JC-N02-BUSINESS,"The file sits in the domain layer (it matches **/*.entity.ts), but it is a TypeORM persistence model, not a pure domain object. The class `RefreshToken` extends TypeORM's `BaseEntity`. That is the Active Record pattern, so every instance inherits persistence operations such as save, remove, find and query builders. Database storage therefore becomes part of the entity's own job. The class also carries table and schema mapping: `@Entity({ name: 'refresh_token' })` sets the table name, `@PrimaryGeneratedColumn` sets key generation, `@Column({ nullable: true })` sets column nullability, and `@Index()` defines database indexes. Table names, indexes and the ability to save itself are persistence work, which belongs to the infrastructure layer. The file contains no domain behaviour or business rules (for example, nothing checks expiry or revocation). Import direction is out of scope, so this finding rests on what the file does, not on its dependency on typeorm.","Class `RefreshToken` extends TypeORM `BaseEntity`, which makes it an Active Record object with save/remove/find persistence methods. This persistence responsibility belongs to the infrastructure layer, not the domain layer. | The decorators `@Entity({ name: 'refresh_token' })`, `@PrimaryGeneratedColumn`, `@Column({ nullable: true })` and `@Index()` put table names, key generation, column nullability and indexes into a domain-layer file. This is persistence mapping that belongs to the infrastructure layer."
e7-corpus-002-truthy-demo,truthy-demo,FF-N02,semantic,src/role/dto/role-filter.dto.ts,file,application,valid,pass,0.886667,0.009428,false,3,3,0,3,true,2,JC-N02-PERSISTENCE;JC-N02-TRANSPORT;JC-N02-FRAMEWORK;JC-N02-BUSINESS,"The file holds a single filter DTO, RoleFilterDto. It builds on CommonSearchFieldDto through PartialType and adds no logic of its own. The layer model puts `**/*.dto.ts` in the application layer, so a data-transfer shape for filter or search input fits that layer. The file has no persistence calls, no request or response handling, and no business rules. The PartialType helper from @nestjs/swagger only reshapes the type so every field is optional and exposes the fields to the API docs, which is normal for a NestJS DTO. Import direction is out of scope for this rule.",
e7-corpus-002-truthy-demo,truthy-demo,FF-N02,semantic,src/role/entities/role.entity.ts,file,domain,valid,fail,0.633333,0.033993,false,3,3,3,0,true,2,JC-N02-PERSISTENCE;JC-N02-FRAMEWORK,"The file is declared as domain because it matches **/*.entity.ts. However, its whole content is a TypeORM persistence mapping, and it has no domain behaviour. @Entity({ name: 'role' }) sets the table name. @Column('varchar', { length: 100 }) and @Column('text') set column storage types. @Index({ unique: true }) and @Unique(['name']) define database constraints and indexes. @JoinTable sets the join table name 'role_permission' and the join columns 'roleId' and 'permissionId'. Table names, column types, indexes and join-table layout belong to the infrastructure (persistence) layer, not the domain layer. Two points weaken this finding: the layer model itself puts *.entity.ts files in domain, and no ADR prose explicitly allows ORM-annotated domain entities. Even so, the rubric names persistence logic in a domain file as a failure case, so this is a fail with moderate confidence.","RoleEntity carries persistence-mapping responsibilities that belong to the infrastructure layer: @Entity({ name: 'role' }) sets the table name, @Column('varchar', { length: 100 }) and @Column('text') set column types, @Index and @Unique set constraints, and @JoinTable sets the 'role_permission' join table with 'roleId' and 'permissionId' columns. These responsibilities sit in a domain-layer file."
e7-corpus-002-truthy-demo,truthy-demo,FF-N02,semantic,src/twofa/dto/twofa-code.dto.ts,file,application,valid,pass,0.920000,0.014142,false,3,3,0,3,true,1,JC-N02-PERSISTENCE;JC-N02-TRANSPORT;JC-N02-FRAMEWORK;JC-N02-BUSINESS,"This file is a DTO that sits in the application layer, which is what the **/dto/** and **/*.dto.ts patterns say. It declares one input shape, TwofaCodeDto, with a single `code: string` field. That field has a class-validator @IsNotEmpty() decorator, which only checks the input's shape. This is the normal job of an application-layer DTO. The file has no persistence, transport handling, framework wiring or business rules, so all of its responsibilities fit its layer.",
e7-corpus-006-v-aguiar__valex,v-aguiar__valex,FF-N01,integrity,src/controllers,module,presentation,valid,pass,0.823333,0.020548,false,3,3,0,3,true,2,JC-N01-SPLIT;JC-N01-DUP,"All three files are thin Express request handlers in the same style. Each one pulls values from req, calls one service function and sends a status code. They cover one concern (HTTP adaptation for card features) and hold no business logic, so no rule or invariant is duplicated across them. No file goes around the service abstraction. One small inconsistency: only paymentsController.ts declares typed request-body interfaces, while the other two destructure req.body untyped. That is a style difference, not a split in concerns or a duplicated rule. The services and schemas importing those interfaces is a dependency-direction issue and is out of scope.",
e7-corpus-006-v-aguiar__valex,v-aguiar__valex,FF-N01,integrity,src/middlewares,module,presentation,valid,pass,0.726667,0.032998,false,3,3,0,3,true,1,JC-N01-DUP;JC-N01-BYPASS,"All three files are Express middleware for the request pipeline: checking the API key, validating the request body against a schema, and handling errors. They share one convention: the validators throw objects with {name, message} fields and never write responses themselves. errorHandlerMiddleware is the only place that maps error names to HTTP status codes, so no rule is copied across files and the module's own error path is never bypassed. Weaknesses that don't amount to a failure: the error names are plain strings shared between files with no shared error type, and the handler repeats the same log-and-send block within one file. Likely bugs outside this rule: the handler has no return after each case, so it can send twice; the async throw in apiKeyValidator isn't caught by plain Express 4; and apiKey.toString() crashes if the header is missing.",
e7-corpus-006-v-aguiar__valex,v-aguiar__valex,FF-N01,integrity,src/repositories,module,persistence,valid,pass,0.730000,0.029439,false,3,3,0,3,true,2,JC-N01-DUP,"Every file in src/repositories handles one concern: data access for a single table or entity through the shared `connection.query` abstraction from config/database. Each file declares its own row interface and its insert and update DTO types next to its queries, so the pattern is the same across the module. Shared invariants are kept in one place. `TransactionTypes` is defined once in cardRepository.ts and businessRepository.ts imports it rather than copying it. Dynamic UPDATE column mapping is delegated to `mapObjectToUpdateQuery` instead of being reimplemented. No file goes around the connection abstraction. A few minor points do not amount to a cohesion failure. cardRepository.ts takes `InsertDatabaseResponse` from services, which is an import-direction issue and out of scope. paymentRepository.findByCardId JOINs the businesses table to add `businessName`, which is a reasonable read-model join, not a duplicated rule. index.ts is empty. Neither `insert` in paymentRepository nor rechargeRepository awaits its query. That is a correctness concern, not a boundary or cohesion problem.",
e7-corpus-006-v-aguiar__valex,v-aguiar__valex,FF-N01,integrity,src/routes,module,presentation,valid,pass,0.823333,0.020548,false,3,3,0,3,true,2,JC-N01-DUP;JC-N01-BYPASS,"The src/routes module has one cohesive concern: declaring HTTP routes in Express. router.ts only combines the two sub-routers. cardsRouter.ts covers card lifecycle routes (create, create virtual, activate, block, unblock). statementsRouter.ts covers balance and transaction routes (statement, recharge, buy, buy online). Both sub-routers build routes the same way: Router() plus optional apiKeyValidator plus bodySchemaValidator(schema) plus a controller handler. Validation rules live in the external schema modules and are not repeated here; blockCardSchema is reused for /block and /unblock rather than copied. No route bypasses the controller abstraction or puts logic inline. One minor point: statementsRouter.ts imports getStatement from cardsController, so the router and controller grouping differ slightly, but the route still fits the statements concern and no rule is duplicated or bypassed. apiKeyValidator is only on some routes, which looks like deliberate domain design, not a duplicated invariant.",
e7-corpus-006-v-aguiar__valex,v-aguiar__valex,FF-N01,integrity,src/services,module,business,valid,fail,0.706667,0.018856,false,3,3,3,0,true,0,JC-N01-DUP;JC-N01-BYPASS,"The three services (card, payment, recharge) share one concern: card-benefit operations. They fail on duplication. The rule ""a card must exist, not be blocked and not be expired"" is never put in one place. Each service writes it out by hand: findById, then a thrown notFound object, then an isBlocked check that throws badRequest, then cardUtils.checkCardExpiration. The copies don't agree. getCardStatement checks blocked but not expiration. insertPayment checks blocked and expiration and then calls getCardStatement, which repeats the not-found and blocked checks. insertOnlinePayment looks the card up by its details but still reports 'No card found with given ID!'. The module already keeps card checks in cardUtils (checkCardExpiration, checkPassword, checkSecurityCode), yet every service inlines the not-found and blocked checks instead of using a shared guard. The business not-found check is also copied in both payment functions.","insertPayment and insertOnlinePayment copy the card-usable check (exists, not blocked, not expired) and the business not-found check instead of sharing one guard. They also call cardServices.getCardStatement, which checks the same things again. | recharge copies the card-usable check (findById, notFound, isBlocked 'This card is blocked!', checkCardExpiration) instead of using a shared guard. | activateCard, getCardStatement, blockCard and unblockCard each repeat the inline card not-found check. getCardStatement's copy of the blocked-card rule leaves out the expiration check that the payment and recharge services apply, so the copies disagree."
e7-corpus-006-v-aguiar__valex,v-aguiar__valex,FF-N02,semantic,src/controllers/cardsController.ts,file,presentation,valid,pass,0.936667,0.009428,false,3,3,0,3,true,0,JC-N02-PERSISTENCE;JC-N02-TRANSPORT;JC-N02-BUSINESS,"The file sits in the presentation layer, and every function in it is a thin Express handler. Each one reads input from req.body or req.params, passes it to cardServices (the business layer), and sends an HTTP status and body back. The handlers contain no business rules, no persistence and no domain checks. The only processing is parseInt on a route parameter, which is ordinary transport-level input conversion.",
e7-corpus-006-v-aguiar__valex,v-aguiar__valex,FF-N02,semantic,src/controllers/paymentsController.ts,file,presentation,valid,pass,0.900000,0.000000,false,3,3,0,3,true,0,JC-N02-PERSISTENCE;JC-N02-TRANSPORT;JC-N02-BUSINESS,"This is a thin presentation-layer Express controller. It declares request body shapes (BuyOnPOSBody, BuyOnlineBody), reads req.body, passes the work to paymentServices.insertPayment and insertOnlinePayment, and sends the HTTP status with res.sendStatus(200). The file contains no business rules, such as checks on cards, passwords or balances, and no persistence logic. The fact that a service file imports these interfaces is about dependency direction, which is out of scope.",
e7-corpus-006-v-aguiar__valex,v-aguiar__valex,FF-N02,semantic,src/controllers/rechargeController.ts,file,presentation,valid,pass,0.950000,0.000000,false,3,3,0,3,true,0,JC-N02-PERSISTENCE;JC-N02-TRANSPORT;JC-N02-BUSINESS,"The controller only handles HTTP concerns. It reads cardId and amount from the request body, hands the work to rechargeService.recharge, and sends a 200 status. It has no business rules, no persistence and no validation logic, so everything it does belongs to the presentation layer.",
e7-corpus-006-v-aguiar__valex,v-aguiar__valex,FF-N02,semantic,src/middlewares/apiKeyValidator.ts,file,presentation,valid,pass,0.706667,0.018856,false,3,3,0,3,true,1,JC-N02-PERSISTENCE;JC-N02-TRANSPORT;JC-N02-BUSINESS,"The file is an Express middleware that reads the x-api-key header, checks whether a company with that key exists, and either throws an unauthorized error or calls next(). Checking credentials at the request boundary is normal work for a middleware in the presentation layer. The file holds no persistence code of its own: no queries and no DB client. It calls companyRepository.findByApiKey. Whether presentation code may call a repository directly is an import/dependency-direction question, and that is out of scope for this rule. The only check is whether a company exists, which is an authentication gate rather than a domain business rule. The file contains nothing beyond request authentication, so its responsibilities match its declared presentation layer.",
e7-corpus-006-v-aguiar__valex,v-aguiar__valex,FF-N02,semantic,src/middlewares/bodySchemaValidator.ts,file,presentation,valid,pass,0.930000,0.000000,false,3,3,0,3,true,0,JC-N02-PERSISTENCE;JC-N02-TRANSPORT;JC-N02-BUSINESS,"This file is an Express middleware that checks the request body against a Joi schema. The router passes the schema in. If validation fails, the middleware throws a ValidationError; if it passes, it calls next(). Checking the shape of incoming requests is a job for the presentation (transport) layer. The file has no business rules and no persistence logic. It doesn't define any domain invariants either: the schema is supplied from outside, and this code only applies it generically.",
e7-corpus-006-v-aguiar__valex,v-aguiar__valex,FF-N02,semantic,src/middlewares/errorHandlerMiddleware.ts,file,presentation,valid,pass,0.906667,0.009428,false,3,3,0,3,true,0,JC-N02-PERSISTENCE;JC-N02-TRANSPORT;JC-N02-BUSINESS,"This file is an Express error-handling middleware. Its only job is to map error names (ValidationError, notFound, alreadyExists, unauthorized, badRequest, dbConnection) to HTTP status codes, log the error, and send the response. That is transport work, which belongs in the presentation layer. The file does not access persistence, contains no business rules, and does not make domain decisions. Matching on the ""dbConnection"" error name only turns an error type into an HTTP 500; it does not do any persistence work. The file has a separate bug: it can send a response more than once because it lacks return or else statements. That is a correctness problem, not a layer-responsibility problem, so this rule does not cover it.",
e7-corpus-006-v-aguiar__valex,v-aguiar__valex,FF-N02,semantic,src/repositories/businessRepository.ts,file,persistence,valid,pass,0.926667,0.004714,false,3,3,0,3,true,1,JC-N02-PERSISTENCE;JC-N02-TRANSPORT;JC-N02-BUSINESS,"The file belongs to the persistence (infrastructure) layer. Its only job is data access. It declares a row-shape interface (Business) and a single query function (findById) that runs a parameterized SELECT through the database connection and returns the first row. The file has no business rules, validation, transport handling or presentation logic. The Business interface is a plain record type that matches the table columns, which is normal for a repository. Every responsibility fits the infrastructure/persistence role.",
e7-corpus-006-v-aguiar__valex,v-aguiar__valex,FF-N02,semantic,src/repositories/cardRepository.ts,file,persistence,valid,pass,0.870000,0.014142,false,3,3,0,3,true,0,JC-N02-PERSISTENCE;JC-N02-TRANSPORT;JC-N02-BUSINESS,"src/repositories/cardRepository.ts is in the persistence layer (infrastructure). All its functions do data access only. find, findById, findByTypeAndEmployeeId, findByCardDetails, insert, update and remove each run a parameterised SQL query through connection.query and return the rows or the result. None of them contains business rules such as expiration checks, blocking rules, password validation or balance checks. None handles HTTP requests or responses. The Card interface, TransactionTypes and the CardInsertData/CardUpdateData types describe how a card row is stored, which is normal for a repository. Setting password and originalCardId to null by default inside insert just maps optional fields to SQL NULL. Importing InsertDatabaseResponse from the services layer is an import-direction issue, which is out of scope here.",
e7-corpus-006-v-aguiar__valex,v-aguiar__valex,FF-N02,semantic,src/repositories/companyRepository.ts,file,persistence,valid,pass,0.900000,0.000000,false,3,3,0,3,true,0,JC-N02-PERSISTENCE;JC-N02-TRANSPORT;JC-N02-BUSINESS,"The file is in the persistence layer, which is an infrastructure layer. It does only data access. It runs a parameterized SQL query to find a company by API key and returns the first row. The Company interface is a row-shape type that goes with that query. The file has no business rules, no checks on whether a key is valid, and no HTTP or transport code. Those checks are left to the caller, the presentation-layer middleware. All of the file's responsibilities fit the persistence layer.",
e7-corpus-006-v-aguiar__valex,v-aguiar__valex,FF-N02,semantic,src/repositories/employeeRepository.ts,file,persistence,valid,pass,0.913333,0.009428,false,3,3,0,3,true,1,JC-N02-PERSISTENCE;JC-N02-TRANSPORT;JC-N02-BUSINESS,"This file is in the persistence layer, which is an infrastructure layer. It only does persistence work. It declares an Employee row-shape interface and one data-access function, findById, which runs a parameterized SQL SELECT and returns the first row. It contains no business rules, validation, transport or HTTP handling, and no presentation logic. Declaring the row type next to the query is a normal part of a repository's data-mapping job.",
e7-corpus-006-v-aguiar__valex,v-aguiar__valex,FF-N02,semantic,src/repositories/index.ts,file,persistence,valid,pass,0.950000,0.000000,false,3,3,0,3,true,0,JC-N02-PERSISTENCE,"The file src/repositories/index.ts is empty. It has no statements, functions or methods, so it cannot hold any responsibility that belongs to another layer kind. Nothing in it conflicts with its role in the persistence (infrastructure) layer.",
e7-corpus-006-v-aguiar__valex,v-aguiar__valex,FF-N02,semantic,src/repositories/paymentRepository.ts,file,persistence,valid,pass,0.900000,0.000000,false,3,3,0,3,true,0,JC-N02-PERSISTENCE;JC-N02-TRANSPORT;JC-N02-BUSINESS,"This file only does persistence work, which is the infrastructure role. It defines row shapes (Payment, PaymentWithBusinessName, PaymentInsertData) and runs parameterized SQL through the database connection: a SELECT with a JOIN in findByCardId and an INSERT in insert. It contains no business rules such as validation, balance checks or amount limits, and no transport or presentation logic. Defining the row and insert types in the repository is normal for a data-access module. One thing to note that doesn't affect this rule: insert() doesn't await or return connection.query, so it doesn't wait for the insert to finish and its errors aren't passed back to the caller. That is a correctness bug, not a responsibility that belongs to another layer.",
e7-corpus-006-v-aguiar__valex,v-aguiar__valex,FF-N02,semantic,src/repositories/rechargeRepository.ts,file,persistence,valid,pass,0.930000,0.000000,false,3,3,0,3,true,0,JC-N02-PERSISTENCE;JC-N02-TRANSPORT;JC-N02-BUSINESS,"The file only does data access, which is what the persistence (infrastructure) layer is for. It defines a row type (Recharge), an insert DTO type (RechargeInsertData), and two SQL functions: findByCardId runs a parameterized SELECT and insert runs a parameterized INSERT. It has no business rules (no amount validation or card-state checks), no transport or HTTP handling, and no presentation logic. One note: insert() doesn't await or return the query promise. That is a correctness bug, not a responsibility that belongs to another layer, so it doesn't break this rule.",
e7-corpus-006-v-aguiar__valex,v-aguiar__valex,FF-N02,semantic,src/routes/cardsRouter.ts,file,presentation,valid,pass,0.950000,0.000000,false,3,3,0,3,true,0,JC-N02-PERSISTENCE;JC-N02-TRANSPORT;JC-N02-BUSINESS,src/routes/cardsRouter.ts sits in the presentation layer. All it does is define Express routes: it maps HTTP paths and methods to controller handlers and attaches middlewares for API-key checks and request-body schema validation. Routing and request validation are presentation and transport work. The file has no business rules and no persistence logic.,
e7-corpus-006-v-aguiar__valex,v-aguiar__valex,FF-N02,semantic,src/routes/router.ts,file,presentation,valid,pass,0.970000,0.000000,false,3,3,0,3,true,0,JC-N02-PERSISTENCE;JC-N02-TRANSPORT;JC-N02-BUSINESS,"src/routes/router.ts is in the presentation layer. It only creates an Express Router and mounts two sub-routers (cardsRouter and statementsRouter). Combining routes is a transport and presentation job. The file contains no business rules and no persistence logic, so its responsibilities fit its declared layer.",
e7-corpus-006-v-aguiar__valex,v-aguiar__valex,FF-N02,semantic,src/routes/statementsRouter.ts,file,presentation,valid,pass,0.953333,0.004714,false,3,3,0,3,true,2,JC-N02-PERSISTENCE;JC-N02-TRANSPORT;JC-N02-BUSINESS,"This file is a plain Express router in the presentation layer, and every responsibility it has belongs there. It creates a Router, maps HTTP verbs and paths to controller handlers, and chains the transport-level middleware for API-key checks and request-body validation. It contains no business rules, no persistence or data-access logic, and no domain calculations. Choosing which schema validates each route is input validation at the transport level, which is a normal presentation concern. No ADR text was provided to check against.",
e7-corpus-006-v-aguiar__valex,v-aguiar__valex,FF-N02,semantic,src/services/cardServices.ts,file,business,valid,pass,0.660000,0.043205,false,3,3,1,2,true,0,JC-N02-PERSISTENCE;JC-N02-TRANSPORT;JC-N02-FRAMEWORK;JC-N02-BUSINESS,"src/services/cardServices.ts is in the business (domain) layer, and its responsibilities fit that role. Every method (createCard, createVirtualCard, activateCard, getCardStatement, blockCard, unblockCard) applies business rules: employee/card existence checks, one card type per employee, virtual-card eligibility, activation only when no password is set, block/unblock state checks, expiration and password validation, and balance computation. Data access is delegated to repository functions. The file contains no SQL, no DB connection handling, no HTTP request/response objects and no framework code. There are two minor leaks, but neither amounts to a misplaced responsibility: 1. It reads the raw driver result with `insertResponse.rows[0]` and declares the `InsertDatabaseResponse` interface. This exposes the persistence result shape, but the file only consumes the data and does no persistence work itself. 2. It uses HTTP-flavoured error names ('badRequest', 'notFound'). These are only error classifications; no transport handling happens here. These are coupling smells, not responsibilities that belong to another layer, so the file passes.",
e7-corpus-006-v-aguiar__valex,v-aguiar__valex,FF-N02,semantic,src/services/paymentServices.ts,file,business,valid,pass,0.766667,0.033993,false,3,3,0,3,true,2,JC-N02-PERSISTENCE;JC-N02-TRANSPORT;JC-N02-FRAMEWORK;JC-N02-BUSINESS,"The file passes. src/services/paymentServices.ts is in the business (domain) layer, and everything it does is domain or application work: - It runs the payment use cases (insertPayment and insertOnlinePayment). - It enforces the business rules: the card and business must exist, the card must not be blocked, and the password or security code, expiration date, business type and available balance are all checked. - It builds a PaymentInsertData object. - It saves the payment through repository functions (cardRepository.findById, paymentRepository.insert). The file has no SQL, database client code, HTTP request or response handling, routing or framework code. Persistence stays in the repositories, which are only called from here. Two minor points don't change the result: - The thrown error objects use names like ""notFound"" and ""badRequest"", which sound like HTTP terms. They are still plain domain error categories, not transport handling. - The file takes its input types (BuyOnPOSBody, BuyOnlineBody) from the controller. That is an import-direction question, which is out of scope for this rule.",
e7-corpus-006-v-aguiar__valex,v-aguiar__valex,FF-N02,semantic,src/services/rechargeService.ts,file,business,valid,pass,0.860000,0.014142,false,3,3,0,3,true,2,JC-N02-PERSISTENCE;JC-N02-TRANSPORT;JC-N02-FRAMEWORK;JC-N02-BUSINESS,"src/services/rechargeService.ts (business layer, domain kind) has one method, rechargeService.recharge, which runs a recharge use case: it checks the card exists, rejects blocked cards, hands the expiry check to cardUtils.checkCardExpiration, and saves the recharge through the repository modules. Saving data is left to the persistence layer. The file has no SQL, database client calls, HTTP request/response handling or framework code. The thrown error objects use names like 'notFound' and 'badRequest', but these are plain error categories, not transport logic: the file sets no status codes and touches no response objects. Importing the RechargeInsertData type from a repository file is a dependency-direction question, which is out of scope here.",
e7-corpus-004-zhuravlevma__nestjs-active-record,zhuravlevma__nestjs-active-record,FF-N01,integrity,src,module,presentation,valid,pass,0.706667,0.009428,false,3,3,0,3,true,0,JC-N01-SPLIT;JC-N01-DUP,"The unit is one file, src/app.module.ts. It declares only AppModule, the root module that brings together configuration (ConfigModule.forRoot), the database connection (TypeOrmModule.forRoot) and the DeliveryModule feature module. That is one coherent concern for a root module, so the files don't split into unrelated concerns. Two smaller issues are worth noting. First, the TypeORM setup calls config() directly instead of reading values through ConfigService with forRootAsync, which skips the ConfigModule abstraction that was just registered. Second, the entity list [Order, Deliveryman] is kept at the root rather than loaded from DeliveryModule (for example with autoLoadEntities). Both are common NestJS patterns. Both paths use the same config loader, so no rule or invariant is defined twice, and neither issue clearly fails the rubric for this unit.",
e7-corpus-004-zhuravlevma__nestjs-active-record,zhuravlevma__nestjs-active-record,FF-N01,integrity,src/delivery,module,presentation,valid,pass,0.823333,0.020548,false,3,3,0,3,true,2,JC-N01-DUP;JC-N01-BYPASS,"This unit is one file, src/delivery/delivery.module.ts. It is the NestJS composition root for the delivery feature. It registers the TypeORM entities Order and Deliveryman, the two controllers (DeliverymanController and OrdersController), and the services and repositories for the deliveryman and orders sub-areas. Deliverymen and orders belong to the same delivery concern, and AddOrderToDeliverymanService and UpdateDeliverymansOrdersService show that the two sub-areas are tied together. The file holds no business rules or invariants, so nothing is duplicated. It also bypasses no module abstraction: it only wires providers, which is what a module file is for. The only inconsistency is cosmetic. The Deliveryman import uses an absolute path ('src/delivery/__models__/deliveryman.model') while Order uses a relative one ('./__models__/orders.model'). Two service files also lack the .service.ts suffix. None of this breaks cohesion or the module boundary.",
e7-corpus-004-zhuravlevma__nestjs-active-record,zhuravlevma__nestjs-active-record,FF-N01,integrity,src/delivery/__models__,module,domain,valid,pass,0.840000,0.014142,false,3,3,0,3,true,0,JC-N01-SPLIT;JC-N01-DUP;JC-N01-BYPASS,"Both files cover one concern: the delivery domain's linked entities. `Deliveryman` (deliveryman.model.ts) has a `@OneToMany` link to `Order`, and `Order` (orders.model.ts) has the matching `@ManyToOne`/`@JoinColumn` link back. Both are built the same way: a TypeORM entity with a static `create` factory and methods that guard its rules. Each class keeps its own rules: - The order name check lives only in `Order.checkName`, which `Order.create` calls. - The order limit lives only in `Deliveryman.addOrder`. - The rule against deactivating a deliveryman who still has orders lives only in `Deliveryman.changeStatus`. When `Deliveryman` changes an order, it goes through `Order`'s own method: `addNewMessageToOrders` calls `order.addInfoToDescription` instead of editing `order.description` directly. No rule is written twice. The two `changeStatus` methods share a name but apply different rules to different entities, so they are not duplicates. The unit has no unrelated concerns and does not bypass its own abstractions.",
e7-corpus-004-zhuravlevma__nestjs-active-record,zhuravlevma__nestjs-active-record,FF-N01,integrity,src/delivery/deliveryman,module,presentation,valid,pass,0.850000,0.000000,false,3,3,0,3,true,0,JC-N01-DUP,"The unit has one file, src/delivery/deliveryman/deliveryman.controller.ts, and it covers one concern: HTTP endpoints for deliverymen under the 'deliverymans' route. Each handler takes its route params and a DTO, then hands the work to a single injected application service (one use case per service). The controller holds no business rules or invariants of its own, so no rule is copied here. It also never goes around the module's own services to reach repositories or models directly. Deliveryman appears only as a return type. There are small naming slips: the parameter `createDeliveryManDto` is typed as CreateOrderDto, and the service method is called `updateDeliverymansOrdersDto`. These are naming issues, not cohesion or boundary problems.",
e7-corpus-004-zhuravlevma__nestjs-active-record,zhuravlevma__nestjs-active-record,FF-N01,integrity,src/delivery/deliveryman/dal,module,infrastructure,valid,pass,0.850000,0.000000,false,3,3,0,3,true,0,JC-N01-SPLIT;JC-N01-DUP;JC-N01-BYPASS,"This unit has one file, deliveryman.repository.ts, and it handles one thing: storing and loading the Deliveryman entity through the injected TypeORM Repository<Deliveryman>. Every method goes through that same injected repository, so nothing in the file sidesteps the module's own abstraction. No unrelated concern is mixed in. There is one small redundancy. createDeliveryMan and save have identical bodies, since both call this.deliveryMan.save. That is a duplicated API entry point, not a domain rule or invariant written in two places, so it doesn't meet the rubric's fail condition. The one real query condition, the orders.isActive filter in findDeliverymanByIdWithOrders, appears only once.",
e7-corpus-004-zhuravlevma__nestjs-active-record,zhuravlevma__nestjs-active-record,FF-N01,integrity,src/delivery/deliveryman/dtos,module,application,valid,pass,0.743333,0.049216,false,3,3,0,3,true,0,JC-N01-SPLIT;JC-N01-DUP,"This module passes. All five files do one job: they are class-validator request DTOs for the deliveryman feature. Each DTO is used by deliveryman.controller.ts and by the one service that matches it. The order DTOs (CreateOrderDto, UpdateDeliverymansOrdersDto) are for adding and updating a deliveryman's orders, which is still part of the deliveryman feature, not a separate concern. Every file is built the same way: a plain class with class-validator decorators, and nothing goes around that pattern. The firstName/lastName fields are written twice, once in CreateDeliverymanDto (@IsNotEmpty) and once in UpdateDeliverymansInfoDto (@IsOptional). That is the usual create/update DTO pair. Deriving one from the other (for example with PartialType) would be tidier, but this does not split an invariant across places in a way that breaks cohesion. One thing outside this rule is still worth fixing: ChangeDeliverymansStatusDto puts @IsString on a boolean field, isActive. That is a bug that will reject valid boolean values. It is a correctness problem, not a cohesion or boundary problem.",
e7-corpus-004-zhuravlevma__nestjs-active-record,zhuravlevma__nestjs-active-record,FF-N01,integrity,src/delivery/deliveryman/services,module,application,valid,fail,0.806667,0.009428,false,3,3,3,0,true,2,JC-N01-SPLIT;JC-N01-DUP,"Six of the seven files cover one concern: deliveryman use cases. Each injects DeliverymanRepository, loads the aggregate with findDeliverymanByIdWithOrders, calls a method on the Deliveryman model and saves. update-order.service.ts breaks this. UpdateOrderService is an Orders use case. It injects OrdersRepository from src/delivery/orders/dal, takes UpdateOrderDto from src/delivery/orders/dtos and returns Order, so it belongs in the orders module and splits this module's boundary. Second, update-deliverymans-info.service.ts assigns deliverymanWithOrders.firstName and lastName directly. The other services change the aggregate only through model methods (addOrder, changeStatus, addNewMessageToOrders), so this file skips the model's own abstraction. Its `!== undefined ??` guard also means the assignment never runs. Third, error handling is inconsistent. Most services wrap their calls in try/catch and return error.message, which does not match the declared Promise<Deliveryman> return type. CreateDeliverymanService and UpdateOrderService have no try/catch at all. The same error-handling rule is therefore copied into several files instead of living in one place, and some files don't apply it.","UpdateOrderService is an Orders use case: it injects OrdersRepository from src/delivery/orders/dal, uses UpdateOrderDto from src/delivery/orders/dtos and returns Order. It belongs in the orders module, not in the deliveryman services module. | updateDeliverymansInfo sets firstName and lastName directly on the Deliveryman aggregate. The other services in this module change it only through model methods (addOrder, changeStatus, addNewMessageToOrders). Its `!== undefined ??` guard also means the assignment never runs. | Error handling is inconsistent with the rest of the module. createDeliveryMan has no try/catch, while sibling services copy the same catch block that returns error.message. That handling should live in one place, such as an exception filter."
e7-corpus-004-zhuravlevma__nestjs-active-record,zhuravlevma__nestjs-active-record,FF-N01,integrity,src/delivery/orders,module,presentation,valid,pass,0.900000,0.000000,false,3,3,0,3,true,0,JC-N01-DUP;JC-N01-BYPASS,"The unit has a single file, src/delivery/orders/orders.controller.ts, and it covers one concern: HTTP routing for orders. OrdersController sends work to its injected application services (FindAllOrdersService.findAll, UpdateOrderService.updateOrder). It uses the module's own DTO (UpdateOrderDto) and the shared Order model the same way in both handlers. It has no business logic, so no rule or invariant is duplicated. It also doesn't skip its services by reaching into persistence or other lower-level code. One minor point, which doesn't break the rule: the update endpoint uses POST rather than PATCH/PUT. Import direction is out of scope.",
e7-corpus-004-zhuravlevma__nestjs-active-record,zhuravlevma__nestjs-active-record,FF-N01,integrity,src/delivery/orders/dal,module,infrastructure,valid,pass,0.893333,0.009428,false,3,3,0,3,true,0,JC-N01-SPLIT;JC-N01-DUP,"The unit has one file, src/delivery/orders/dal/orders.repository.ts. It deals only with persisting the Order entity. The OrdersRepository class wraps TypeORM's Repository<Order> and exposes three methods: findAllOrders, findOrderByIdWithDeliveryman and save. Nothing in the file is unrelated to that job, no rule is copied, and the file does not go around its own abstraction. All four incoming services reach Order persistence through this class. That is consistent with the module boundary. I could not check whether any service also injects Repository<Order> directly, because those services are not unit files. Even if one did, it would not be a violation in this unit.",
e7-corpus-004-zhuravlevma__nestjs-active-record,zhuravlevma__nestjs-active-record,FF-N01,integrity,src/delivery/orders/dtos,module,application,valid,pass,0.870000,0.014142,false,3,3,0,3,true,1,JC-N01-SPLIT;JC-N01-DUP;JC-N01-BYPASS,"This unit is a single file, src/delivery/orders/dtos/update-order.dto.ts, and it has one concern: the validation shape of the request body for updating an order. Nothing in it is split into unrelated concerns. No rule is copied from somewhere else, and nothing bypasses the module's own abstractions. All validation goes through class-validator decorators. There is one small issue that does not break this rule: `description` has the @IsOptional() decorator but is typed as required (`description: string;`), while `isActive?: boolean` is typed as optional. That is a typing mismatch within the file, not a cohesion or duplication problem. The deliveryman service also imports this DTO. That is an import-direction question, which is out of scope here.",
e7-corpus-004-zhuravlevma__nestjs-active-record,zhuravlevma__nestjs-active-record,FF-N01,integrity,src/delivery/orders/services,module,application,valid,pass,0.806667,0.009428,false,3,3,0,3,true,0,JC-N01-DUP,"All three files handle one concern: application-level operations on the Order aggregate. Each is a single-purpose @Injectable service. Each injects OrdersRepository through its constructor and returns the Order model, so they use the same abstractions in the same way. No service skips the repository, and no rule or invariant appears in more than one place. UpdateOrderService hands state changes to the domain model (order.changeStatus, order.addInfoToDescription) and doesn't copy that logic itself. Two lookups use the same repository method, findOrderByIdWithDeliveryman. That is shared reuse, not a duplicated rule. This rule doesn't cover correctness, but two bugs in update-order.service.ts are worth knowing about. First, `updateOrderDto.isActive !== undefined ?? ...` uses `??` where `&&` was meant. A `!==` comparison always gives a boolean, never null or undefined, so the right-hand side never runs and the update never happens. Second, the code doesn't handle a null order coming back from findOrderByIdWithDeliveryman.",
e7-corpus-004-zhuravlevma__nestjs-active-record,zhuravlevma__nestjs-active-record,FF-N02,semantic,src/app.module.ts,file,presentation,valid,pass,0.673333,0.037712,false,3,3,0,3,true,1,JC-N02-PERSISTENCE;JC-N02-TRANSPORT;JC-N02-FRAMEWORK;JC-N02-BUSINESS,"src/app.module.ts is a NestJS root module. It falls in the presentation layer through the **/*.module.ts pattern. Its only job is to wire modules together: it imports ConfigModule, TypeOrmModule and DeliveryModule and declares AppModule with no methods. It holds no business rules and no request handling. It has no queries, repositories or other persistence logic, only module registration. TypeOrmModule.forRoot does pass connection settings (host, port, credentials, synchronize, logging) and an entity list. You could argue those settings belong in an infrastructure config provider. Still, a NestJS module file is meant to register framework modules, and these values come from config() rather than being hardcoded. No ADR prose was given that would forbid this. The file therefore does not carry another layer's responsibility as the rubric defines it. That inline database setup is the only borderline point, so confidence is moderate.",
e7-corpus-004-zhuravlevma__nestjs-active-record,zhuravlevma__nestjs-active-record,FF-N02,semantic,src/delivery/__models__/deliveryman.model.ts,file,domain,valid,fail,0.716667,0.028674,false,3,3,3,0,true,1,JC-N02-PERSISTENCE;JC-N02-FRAMEWORK;JC-N02-BUSINESS,"The file sits in the domain layer and does contain real domain behaviour: the Deliveryman.create factory, the order-limit invariant in addOrder, the status rule in changeStatus, and addNewMessageToOrders. But it also carries persistence mapping, which is infrastructure work. @Entity('deliverymans') sets the database table name. @PrimaryGeneratedColumn('uuid') and @Column({ default: false }) set how keys are generated and what the column defaults are. The @OneToMany(..., { cascade: ['insert', 'update'] }) decorator tells the ORM how to cascade writes. The rubric explicitly lists persistence logic in a domain file as a failure. This is not about which way the imports point. The class itself defines how it is stored, so it mixes persistence work into a domain model.","The domain class Deliveryman holds persistence mapping, which belongs in the infrastructure layer: @Entity('deliverymans') sets the table name, @PrimaryGeneratedColumn('uuid') and @Column({ default: false }) set key generation and column defaults, and @OneToMany with cascade ['insert','update'] sets ORM write cascading. Moving this mapping into an infrastructure persistence model or schema would leave the domain entity free of persistence concerns."
e7-corpus-004-zhuravlevma__nestjs-active-record,zhuravlevma__nestjs-active-record,FF-N02,semantic,src/delivery/__models__/orders.model.ts,file,domain,valid,fail,0.733333,0.047140,false,3,3,3,0,true,1,JC-N02-PERSISTENCE;JC-N02-FRAMEWORK;JC-N02-BUSINESS,"The file sits in the domain layer. Its behaviour is genuine domain logic: Order.create, checkName (the name-length invariant), changeStatus, deliver, return and addInfoToDescription. But the same class also defines how orders are stored in the database, using TypeORM decorators. @Entity('orders') sets the table name. @PrimaryGeneratedColumn('uuid') sets how the database generates ids. @Column({ default: true }) sets a column default. @ManyToOne with @JoinColumn({ name: 'deliverymanId', referencedColumnName: 'id' }) defines the foreign-key mapping, and the deliverymanId field exists only to hold that foreign key. These are persistence (infrastructure) responsibilities: table names, how keys are generated, column defaults and join columns. The rubric names persistence in a domain file as a failure, so the unit fails. The fix is to move the ORM mapping into a separate infrastructure entity or schema, or into the orders/dal layer, and keep Order as a plain domain class.","Domain class Order defines how it is stored in the database using TypeORM decorators: @Entity('orders'), @PrimaryGeneratedColumn('uuid'), @Column({ default: true }), and @ManyToOne/@JoinColumn on deliverymanId. Table, column, default and foreign-key mapping is a persistence (infrastructure) responsibility that does not belong in the domain layer."
e7-corpus-004-zhuravlevma__nestjs-active-record,zhuravlevma__nestjs-active-record,FF-N02,semantic,src/delivery/delivery.module.ts,file,presentation,valid,pass,0.860000,0.014142,false,3,3,0,3,true,1,JC-N02-PERSISTENCE;JC-N02-TRANSPORT;JC-N02-FRAMEWORK;JC-N02-BUSINESS,"src/delivery/delivery.module.ts is a NestJS @Module composition root. It declares controllers, registers providers and wires in TypeORM entity features with TypeOrmModule.forFeature. The layer model puts **/*.module.ts files in the presentation layer, and wiring and declaration like this is their expected job. The file has no business rules, no persistence queries, no transport handling and no domain logic. Registering TypeORM features is the standard way NestJS modules declare them, so it does not move persistence work into this file. Import direction is out of scope.",
e7-corpus-004-zhuravlevma__nestjs-active-record,zhuravlevma__nestjs-active-record,FF-N02,semantic,src/delivery/deliveryman/dal/deliveryman.repository.ts,file,infrastructure,valid,pass,0.900000,0.000000,false,3,3,0,3,true,0,JC-N02-PERSISTENCE;JC-N02-TRANSPORT;JC-N02-BUSINESS,"This file is a thin TypeORM repository that only does persistence work: it saves deliverymen, finds all of them, and finds one by id together with its orders. That is the right job for the infrastructure layer. The isActive filter in findDeliverymanByIdWithOrders is a query condition, not a business decision or workflow. The file has no transport, presentation or business-orchestration code.",
e7-corpus-004-zhuravlevma__nestjs-active-record,zhuravlevma__nestjs-active-record,FF-N02,semantic,src/delivery/deliveryman/deliveryman.controller.ts,file,presentation,valid,pass,0.950000,0.000000,false,3,3,0,3,true,0,JC-N02-PERSISTENCE;JC-N02-TRANSPORT;JC-N02-FRAMEWORK;JC-N02-BUSINESS,"The controller only does presentation work. Each method maps an HTTP route with NestJS decorators, pulls route parameters and the request body into DTOs, and passes the call straight to an injected application service. It has no business rules, persistence, data access or other infrastructure logic. All of its responsibilities fit the presentation layer.",
e7-corpus-004-zhuravlevma__nestjs-active-record,zhuravlevma__nestjs-active-record,FF-N02,semantic,src/delivery/deliveryman/dtos/change-deliverymans-status.dto.ts,file,application,valid,pass,0.886667,0.009428,false,3,3,0,3,true,0,JC-N02-PERSISTENCE;JC-N02-TRANSPORT;JC-N02-FRAMEWORK;JC-N02-BUSINESS,"This file holds one DTO class, ChangeDeliverymansStatusDto. Its only job is to describe the input for changing a deliveryman's status, using class-validator decorators. That is a normal job for a DTO in the application layer, and the project's layer model lists **/dtos/** and **/*.dto.ts under that layer. The file has no persistence, transport, framework wiring or business logic. One unrelated problem: the `isActive` field is typed `boolean` but decorated with @IsString(). That is a validation bug, not a responsibility in the wrong layer, so the file passes this rule.",
e7-corpus-004-zhuravlevma__nestjs-active-record,zhuravlevma__nestjs-active-record,FF-N02,semantic,src/delivery/deliveryman/dtos/create-order.dto.ts,file,application,valid,pass,0.910000,0.014142,false,3,3,0,3,true,1,JC-N02-PERSISTENCE;JC-N02-TRANSPORT;JC-N02-FRAMEWORK;JC-N02-BUSINESS,"This file is a plain DTO in the application layer. It declares two string fields and puts class-validator rules on them that check input shape (IsString, IsNotEmpty). Defining the input contract for a use case and checking its shape is a normal application-layer job. The file has no persistence, transport handling, framework routing or business rules, so it has no responsibility that belongs to another layer.",
e7-corpus-004-zhuravlevma__nestjs-active-record,zhuravlevma__nestjs-active-record,FF-N02,semantic,src/delivery/deliveryman/dtos/update-deliverymans-info.dto.ts,file,application,valid,pass,0.930000,0.000000,false,3,3,0,3,true,0,JC-N02-PERSISTENCE;JC-N02-TRANSPORT;JC-N02-FRAMEWORK;JC-N02-BUSINESS,"The file is a plain DTO in the application layer. It declares the input contract (optional firstName and lastName) and marks those fields with class-validator decorators for shape validation. That is normal work for an application-layer DTO. The file has no persistence, transport handling, framework wiring or business rules. The class-validator dependency is an import concern, and import rules are out of scope here.",
e7-corpus-004-zhuravlevma__nestjs-active-record,zhuravlevma__nestjs-active-record,FF-N02,semantic,src/delivery/deliveryman/dtos/update-deliverymans-orders.dto.ts,file,application,valid,pass,0.936667,0.009428,false,3,3,0,3,true,1,JC-N02-PERSISTENCE;JC-N02-TRANSPORT;JC-N02-FRAMEWORK;JC-N02-BUSINESS,"The file holds a single application-layer DTO, UpdateDeliverymansOrdersDto. It has one optional string field, description, with class-validator decorators that check its shape. Defining input data shapes is part of the application layer's role. The file has no persistence, transport, framework or business logic, so it carries no responsibility that belongs to another layer.",
e7-corpus-004-zhuravlevma__nestjs-active-record,zhuravlevma__nestjs-active-record,FF-N02,semantic,src/delivery/deliveryman/services/add-order-to-deliveryman.service.ts,file,application,valid,pass,0.880000,0.000000,false,3,3,0,3,true,0,JC-N02-PERSISTENCE;JC-N02-TRANSPORT;JC-N02-FRAMEWORK;JC-N02-BUSINESS,"This file does the normal job of an application-layer use-case service. It loads the aggregate through the repository, delegates the business change to the domain (Deliveryman.addOrder and Order.create), and saves the result through the repository. It contains no persistence code (no queries or ORM calls), no transport logic (no HTTP or request/response handling), and no business rules of its own. The @Injectable decorator only wires up dependency injection and is normal for a NestJS application service. One weakness: the catch block returns error.message even though the method is typed as Promise<Deliveryman>. That is a type and error-handling problem, not a responsibility that belongs to another layer, so it does not break this rule.",
e7-corpus-004-zhuravlevma__nestjs-active-record,zhuravlevma__nestjs-active-record,FF-N02,semantic,src/delivery/deliveryman/services/change-deliverymans-status.ts,file,application,valid,pass,0.880000,0.000000,false,3,3,0,3,true,0,JC-N02-PERSISTENCE;JC-N02-TRANSPORT;JC-N02-FRAMEWORK;JC-N02-BUSINESS,"The service is a standard application-layer use case. It loads the aggregate through the repository, hands the state change to the domain entity (`deliverymanWithOrders.changeStatus(...)`) and saves the result through the repository. It contains no persistence code (no queries or ORM calls), no transport or HTTP handling, and no business rule of its own, since the status change logic sits in the domain model. The `@Injectable()` decorator is normal NestJS wiring for a service. The catch block returns `error.message` where a `Deliveryman` is expected. That is a correctness and typing problem, not a responsibility in the wrong layer, so it does not fail this rule.",
e7-corpus-004-zhuravlevma__nestjs-active-record,zhuravlevma__nestjs-active-record,FF-N02,semantic,src/delivery/deliveryman/services/create-deliveryman.service.ts,file,application,valid,pass,0.916667,0.012472,false,3,3,0,3,true,2,JC-N02-PERSISTENCE;JC-N02-TRANSPORT;JC-N02-FRAMEWORK;JC-N02-BUSINESS,"This file passes. It is a thin application-layer use case. Its one method, createDeliveryMan, takes the input DTO, builds the entity through the domain factory Deliveryman.create(firstName, lastName), and passes the entity to the injected repository. That is coordination, which is the application layer's job. The file contains no persistence code (no queries or ORM calls), no transport handling (no HTTP decorators or request/response handling), and no business rules beyond calling the domain factory. The @Injectable decorator is only standard dependency-injection wiring for a service. No ADR prose was given.",
e7-corpus-004-zhuravlevma__nestjs-active-record,zhuravlevma__nestjs-active-record,FF-N02,semantic,src/delivery/deliveryman/services/update-order.service.ts,file,application,valid,pass,0.900000,0.000000,false,3,3,0,3,true,0,JC-N02-PERSISTENCE;JC-N02-TRANSPORT;JC-N02-FRAMEWORK;JC-N02-BUSINESS,"UpdateOrderService is an application-layer use-case service. It loads the order through the repository, hands the state changes to the domain model's methods (changeStatus, addInfoToDescription) and saves through the repository. It has no persistence, transport or framework logic of its own (the @Injectable decorator only wires up injection) and no business rules of its own. Every responsibility fits the application layer. Separate from layer placement, the `!== undefined ??` expressions are a correctness bug: the left side of `??` is always a boolean, so the domain methods never run. The intended operator was probably `&&`.",
e7-corpus-004-zhuravlevma__nestjs-active-record,zhuravlevma__nestjs-active-record,FF-N02,semantic,src/delivery/orders/dal/orders.repository.ts,file,infrastructure,valid,pass,0.950000,0.000000,false,3,3,0,3,true,0,JC-N02-PERSISTENCE;JC-N02-TRANSPORT;JC-N02-BUSINESS,"The file belongs to the infrastructure layer (a repository under **/dal/**). It only does persistence work. It wraps a TypeORM Repository<Order> with three operations: findAllOrders (find), findOrderByIdWithDeliveryman (findOne with a where clause and an eager relation) and save. None of these contain business rules, validation, transport handling or presentation logic. Loading the deliveryman relation is a data-access concern, not a business rule. Every responsibility fits the infrastructure role.",
e7-corpus-004-zhuravlevma__nestjs-active-record,zhuravlevma__nestjs-active-record,FF-N02,semantic,src/delivery/orders/dtos/update-order.dto.ts,file,application,valid,pass,0.900000,0.000000,false,3,3,0,3,true,0,JC-N02-PERSISTENCE;JC-N02-TRANSPORT;JC-N02-FRAMEWORK;JC-N02-BUSINESS,"The file is a DTO that the application layer declares through the **/dtos/** and **/*.dto.ts patterns. All it does is declare an input data shape (isActive, description) and attach class-validator decorators for input validation. That is the usual job of an application-layer DTO. The file has no persistence, transport, framework wiring or business-rule logic. The class-validator decorators only describe constraints on the input shape, which is the normal way DTOs are written. Import direction is out of scope.",
e7-corpus-004-zhuravlevma__nestjs-active-record,zhuravlevma__nestjs-active-record,FF-N02,semantic,src/delivery/orders/orders.controller.ts,file,presentation,valid,pass,0.950000,0.000000,false,3,3,0,3,true,0,JC-N02-PERSISTENCE;JC-N02-TRANSPORT;JC-N02-FRAMEWORK;JC-N02-BUSINESS,"The controller only handles HTTP transport. It maps routes with @Controller, @Get and @Post, pulls request data with @Param and @Body, and hands all work to injected application services. It has no business rules, persistence or other non-presentation logic, so it matches the presentation layer's role.",
e7-corpus-004-zhuravlevma__nestjs-active-record,zhuravlevma__nestjs-active-record,FF-N02,semantic,src/delivery/orders/services/find-all-orders.service.ts,file,application,valid,pass,0.930000,0.000000,false,3,3,0,3,true,0,JC-N02-PERSISTENCE;JC-N02-TRANSPORT;JC-N02-FRAMEWORK,"This file is an application-layer use-case service. Its only job is to orchestrate one call: FindAllOrdersService.findAll() hands off to the injected OrdersRepository.findAllOrders() and returns Order domain models. It has no persistence details such as queries, ORM or DB client calls. It has no transport or HTTP handling and no presentation concerns. The @Injectable decorator is the standard way NestJS wires up dependency injection for services, so it is not misplaced framework logic. Using a concrete infrastructure repository is a dependency-direction question, which is out of scope here.",
e7-corpus-004-zhuravlevma__nestjs-active-record,zhuravlevma__nestjs-active-record,FF-N02,semantic,src/delivery/orders/services/find-one-order.service.ts,file,application,valid,pass,0.930000,0.000000,false,3,3,0,3,true,0,JC-N02-PERSISTENCE;JC-N02-TRANSPORT;JC-N02-FRAMEWORK;JC-N02-BUSINESS,"This application-layer service has a single job: run the ""find one order"" use case by handing the lookup to an injected repository. It contains no persistence code (no ORM or query calls of its own), no transport handling (no HTTP decorators or request/response objects) and no business rules that belong elsewhere. The @Injectable decorator is standard NestJS wiring for dependency injection and fits the application layer. Its dependence on an infrastructure repository is an import-direction question, which is out of scope for this rule.",
e7-corpus-004-zhuravlevma__nestjs-active-record,zhuravlevma__nestjs-active-record,FF-N02,semantic,src/delivery/orders/services/update-order.service.ts,file,application,valid,pass,0.880000,0.000000,false,3,3,0,3,true,0,JC-N02-PERSISTENCE;JC-N02-TRANSPORT;JC-N02-FRAMEWORK;JC-N02-BUSINESS,"UpdateOrderService works as an application-layer use-case orchestrator. In updateOrder, it loads the aggregate through the injected OrdersRepository (findOrderByIdWithDeliveryman), hands the state changes to domain methods (order.changeStatus, order.addInfoToDescription) and saves the result through the repository (ordersRepository.save). The business rules live in the Order domain model, not in this file. The file contains no persistence code (no queries or ORM calls), no transport or HTTP handling, and no presentation logic. The @Injectable decorator is standard dependency-injection wiring for a service in this NestJS setup. One side note, outside this rule: the expressions `updateOrderDto.isActive !== undefined ?? ...` never run their right-hand side, because a boolean is never null or undefined. This is a correctness bug, not a layer violation.",
e7-corpus-007-zhuravlevma__typescript-ddd-architecture,zhuravlevma__typescript-ddd-architecture,FF-N01,integrity,src/__infrastructure__/correlation#application,module,application,valid,pass,0.860000,0.014142,false,3,3,0,3,true,1,JC-N01-SPLIT;JC-N01-DUP;JC-N01-BYPASS,"The unit is a single file, correlation.service.ts, and it handles one concern: managing the correlation ID in the async request context. Both public methods, startNewCorrelationId and getCorrelationId, go through the same injected ContextStorage abstraction (via @InjectAsyncContextStorage) and the same shared CORRELATION_ID_KEY constant. Neither method touches storage directly or bypasses the abstraction. The validity rule is defined once (doesExistAndValid = isString), and the generate-or-reuse logic appears only in startNewCorrelationId. No rule or invariant is duplicated within the unit, and the file has no unrelated concerns. The unit sits under __infrastructure__ but is classified as application. That is a layering question and is out of scope here.",
e7-corpus-007-zhuravlevma__typescript-ddd-architecture,zhuravlevma__typescript-ddd-architecture,FF-N01,integrity,src/__saga__#presentation,module,presentation,valid,pass,0.833333,0.023570,false,3,3,0,3,true,0,JC-N01-SPLIT;JC-N01-DUP;JC-N01-BYPASS,"Both unit files serve the single saga-registration concern. saga.module.ts wires the saga entities, RegistatorService and RegistatorController. registrator.controller.ts exposes three entry points (a RabbitMQ subscription, POST /saga and a cron timeout check), and each one goes only through the injected RegistatorService. The controller never touches the repositories or entities directly, so the module's abstraction is not bypassed. Neither file repeats a rule or invariant, and the queue and routing key both come from config. Two minor points do not amount to a split, duplication or bypass: CreateSagaDto is declared inline in the controller file, and the module is @Global() with an empty exports list, so the global flag has no effect.",
e7-corpus-007-zhuravlevma__typescript-ddd-architecture,zhuravlevma__typescript-ddd-architecture,FF-N01,integrity,src/accounting/reports/report/domain/queries,module,domain,valid,pass,0.850000,0.000000,false,3,3,0,3,true,0,JC-N01-SPLIT;JC-N01-DUP;JC-N01-BYPASS,"Both files cover the same concern: read-side queries for the Report aggregate. They follow the same hexagonal pattern. Each class implements its in-port, receives its out-port through the constructor, and passes the call straight to it in execute(). Neither file duplicates a rule or invariant, and neither bypasses the module's port abstractions, for example by reaching into infrastructure. There are small inconsistencies: one query passes `params.id` and the other passes the whole params object, the parameter name `findReportByIdQuery` was copied into the second query, and the out-port method is oddly named `findReportWithPositionsByOutInPort`. One query returns ReportEntity and the other returns ReportReadModel, which is a reasonable split between entity reads and read-model reads. None of these breaks cohesion or the boundary.",
e7-corpus-007-zhuravlevma__typescript-ddd-architecture,zhuravlevma__typescript-ddd-architecture,FF-N01,integrity,src/cart/cart/dal,module,infrastructure,valid,pass,0.850000,0.000000,false,3,3,0,3,true,0,JC-N01-DUP;JC-N01-BYPASS,"The unit passes. Both files deal with one thing: storing and loading the Cart aggregate. CartMapper is the only place that converts between the domain entities (CartEntity, CartPositionEntity) and the ORM entities (CartOrmEntity, CartPositionOrmEntity). That includes the nested position mapping and setting positionOrm.cartId from the parent cart id. CartRepository implements the domain ports SaveCartOutPort and GetCartOutPort. It always goes through CartMapper.mapToORM and CartMapper.mapToDomain, so no mapping is done inline and the mapper is never bypassed. Turning outbox events into ORM rows is handed to the shared OutboxMapper rather than copied here. The transaction that saves the outbox rows and the cart together is persistence work, so it belongs in the repository. The domain's export() method is used for reading state, so the mapper never reaches into the entities' internals. No rule or invariant is duplicated. One small weakness: the outbox event parameter is typed as `any`. It doesn't change the module's coherence.",
e7-corpus-007-zhuravlevma__typescript-ddd-architecture,zhuravlevma__typescript-ddd-architecture,FF-N01,integrity,src/cart/cart/dal/orm-entities,module,infrastructure,valid,pass,0.893333,0.009428,false,3,3,0,3,true,1,JC-N01-SPLIT;JC-N01-DUP,"Both files are TypeORM persistence entities for one aggregate: the cart and its positions. They use the same abstraction, TypeORM decorators under the 'cart' schema, and each side of the relationship is declared once: ManyToOne/JoinColumn on the position, OneToMany with cascade on the cart. No rule or invariant is repeated, and no unrelated concern is mixed in. The two files import each other, but that is the standard TypeORM bidirectional-relation pattern, resolved lazily through arrow functions, so it does not break cohesion. A minor naming nit: the OneToMany callback parameter is called 'order' instead of 'position'. This affects readability only, not the rule.",
e7-corpus-007-zhuravlevma__typescript-ddd-architecture,zhuravlevma__typescript-ddd-architecture,FF-N01,integrity,src/cart/cart/domain/interactors,module,domain,valid,pass,0.816667,0.023570,false,3,3,0,3,true,0,JC-N01-BYPASS,"Both interactors cover one concern, the cart use cases, and they follow the module's hexagonal pattern the same way. Each implements a port for calling in, takes outgoing ports as constructor dependencies, saves through the shared SaveCartOutPort, and leaves the state change to the CartEntity methods (createOrder, cancelOrder). No rule appears in both files and neither file bypasses the ports. Two smaller issues don't break the cohesion rule: CreateCartInteractor builds hardcoded test positions, and UpdateCartInteractor only cancels the order, so its name doesn't match what it does.",
e7-corpus-007-zhuravlevma__typescript-ddd-architecture,zhuravlevma__typescript-ddd-architecture,FF-N01,integrity,src/cart/cart/domain/ports/in,module,domain,valid,pass,0.900000,0.000000,false,3,3,0,3,true,0,JC-N01-DUP;JC-N01-BYPASS,"Both files are inbound use-case ports for the cart aggregate and serve one concern: they define the entry contracts that the cart controller depends on and the interactors implement. Both follow the same pattern, an abstract class with a single `execute` method that returns `Promise<CartEntity>`. Neither file repeats a rule or invariant, because neither contains any logic. Neither bypasses the module's abstractions: both use the domain `CartEntity` as the return type, and each has exactly one implementing interactor. One small stylistic difference: `CreateCartInPort` takes a bare `correlationId: string`, while `UpdateCartInPort` takes an `UpdateCartParams` object. That difference doesn't break cohesion or the boundary.",
e7-corpus-007-zhuravlevma__typescript-ddd-architecture,zhuravlevma__typescript-ddd-architecture,FF-N01,integrity,src/delivery/board/offer/controllers,module,presentation,valid,pass,0.773333,0.037712,false,3,3,0,3,true,1,JC-N01-DUP;JC-N01-BYPASS,"The unit has one file, src/delivery/board/offer/controllers/offer.controller.ts. Its job is to take incoming requests about offers and pass them to the domain. It has two entry points, a RabbitMQ subscriber (applyReportValidated) and an HTTP PATCH handler (updateOrderStatus). Both are thin: each maps its input to a command and calls an injected in-port (CreateOfferInPort or UpdateOfferInPort) without going around those ports or adding business rules. The PATCH handler builds its response with SavedOfferResponseDto.fromDomain, so it uses the module's response-mapping abstraction. The file contains no repeated invariant. There are two minor points. First, the method name updateOrderStatus does not match what it does, which is set the courier on an offer. Second, the event handler builds the offer name inline ('Report with ' + orderId) instead of using a mapper. Both are small naming and style issues that do not break the module's cohesion.",
e7-corpus-007-zhuravlevma__typescript-ddd-architecture,zhuravlevma__typescript-ddd-architecture,FF-N01,integrity,src/delivery/board/offer/dal,module,infrastructure,valid,pass,0.853333,0.004714,false,3,3,0,3,true,2,JC-N01-DUP;JC-N01-BYPASS,"The three files share one concern: storing and loading the Offer aggregate. `offer.orm-entity.ts` defines the table schema. `offer.mapper.ts` holds the only code that converts between the domain object and the database row, in both directions. `offer.repository.ts` implements the three domain out-ports, and every read and write goes through `OfferMapper`. It never builds entities or rows itself, so the mapper is not bypassed. The field-by-field mapping, including the curierId/curierid rename, lives only in the mapper and is not duplicated anywhere. Writing the outbox inside the save transaction belongs to persisting the aggregate, and it is handed off to the shared `OutboxMapper` rather than reimplemented here. Two small points are not violations: the local variable is named `reportOrm` instead of something like `offerOrm`, and the two find methods don't handle the case where no row is found.",
e7-corpus-007-zhuravlevma__typescript-ddd-architecture,zhuravlevma__typescript-ddd-architecture,FF-N01,integrity,src/delivery/curiers,module,presentation,valid,fail,0.816667,0.023570,false,3,3,3,0,true,0,JC-N01-DUP,"The module is meant to wire one hexagonal design: the controller calls in-ports, interactors implement them, and interactors depend on out-ports that `CurierRepository` implements. `curiers.module.ts` breaks this pattern for the ""create courier"" path. `CreateCurierInPort` is registered twice. The first registration uses a factory that builds `CreateCurierInteractor`, but it injects `CreateCurierInPort` itself rather than `CreateCurierOutPort`. The second registration maps `CreateCurierInPort` to `CurierRepository` with `useClass`. Because Nest uses the last registration for a token, the controller would get the repository directly and never reach the interactor, so the in-port/out-port boundary is skipped. Registering one token twice also means the wiring is not defined in one place. `CreateCurierOutPort` is registered but nothing injects it. That confirms the interactor was meant to depend on it and the module's own abstraction is not being used.","`CreateCurierInPort` is registered twice: once as a `CreateCurierInteractor` factory that injects `CreateCurierInPort` itself, and once as `useClass: CurierRepository`. The last registration wins, so the in-port resolves straight to the repository and skips the interactor and the in-port/out-port boundary. | `CreateCurierInteractor` should depend on `CreateCurierOutPort`, but its factory injects `CreateCurierInPort` instead. `CreateCurierOutPort` is registered and never used, which breaks the module's port abstraction."
e7-corpus-007-zhuravlevma__typescript-ddd-architecture,zhuravlevma__typescript-ddd-architecture,FF-N01,integrity,src/delivery/curiers/curier/controllers/dtos,module,application,valid,fail,0.673333,0.041096,false,3,3,3,0,true,2,JC-N01-DUP,"All six files serve one concern: request and response DTOs for the curier controller. But they don't use the module's abstractions consistently. (1) The validation rule for the boolean field isActive is copied into two DTOs, and both copies use @IsString. UpdateOrderStatusDto validates its booleans with @IsBoolean, so the same rule lives in two places and both contradict the module's convention. (2) SavedCurierResponseDto.fromDomain fills a SavedCurierOrderResponseDto (orderDto), then returns orderReadonly (the domain entity's export) instead. This skips the module's own order response DTO and lets domain data reach the response. (3) The same method sets paymentDetails from commissionRate, so one source value feeds two response fields. (4) The request DTOs mark fields with @ApiProperty, but neither response class does, so API metadata is applied inconsistently.","ChangeCuriersStatusDto.isActive is typed boolean but validated with @IsString(). This duplicates the wrong isActive check in UpdateCuriersInfoDto and breaks the module's @IsBoolean convention. | UpdateCuriersInfoDto.isActive is typed boolean but validated with @IsString(). The isActive check is copied here instead of being defined once and correctly. | fromDomain builds a SavedCurierOrderResponseDto but returns orderReadonly (the domain export) instead, skipping the module's own response DTO. It also maps commissionRate into paymentDetails."
e7-corpus-007-zhuravlevma__typescript-ddd-architecture,zhuravlevma__typescript-ddd-architecture,FF-N01,integrity,src/delivery/curiers/curier/dal,module,infrastructure,valid,pass,0.783333,0.023570,false,3,3,0,3,true,0,JC-N01-DUP;JC-N01-BYPASS,"Both files cover one concern: persistence for the Curier aggregate. The mapper converts between ORM and domain shapes in both directions. The repository implements the domain's outbound ports and always goes through CurierMapper, so it never builds domain or ORM entities by hand and does not bypass the module's own abstraction. Order mapping happens only inside CurierMapper, nested under the curier aggregate, so that conversion rule exists in one place. There is minor overlap: createCurier and save have identical bodies (mapToOrm, then save, then mapToDomain). They implement two different ports, though, and neither one duplicates a business rule or invariant. The isActive filters differ by query (free couriers vs. active orders) and are not copies of the same rule. One possible bug is outside this rule's scope: findAllCuriers calls find() without loading the orders relation, while mapToDomain calls orders.map. Unless orders loads eagerly, that would fail at runtime.",
e7-corpus-007-zhuravlevma__typescript-ddd-architecture,zhuravlevma__typescript-ddd-architecture,FF-N01,integrity,src/delivery/curiers/curier/domain/queries,module,domain,valid,pass,0.863333,0.012472,false,3,3,0,3,true,1,JC-N01-DUP,"Both files deal with one concern: read-side query use cases for the curier aggregate. They follow the same hexagonal pattern. Each class implements an inbound port, takes an outbound port through its constructor and passes execute() straight to that port. Neither file duplicates a rule or invariant, and neither skips the module's port abstractions, for example by calling persistence directly. There is one cosmetic problem that does not break the rule: in FindCurierWithCountOfOrdersQuery, the constructor field is named `findAllCuriersPort`, which looks copied from the other query. It actually holds a FindCurierWithCountOfOrdersOutPort. The misleading name hurts readability, but the module's structure is still consistent.",
e7-corpus-007-zhuravlevma__typescript-ddd-architecture,zhuravlevma__typescript-ddd-architecture,FF-N01,integrity,src/delivery/tracking/controllers,module,presentation,valid,pass,0.913333,0.009428,false,3,3,0,3,true,1,JC-N01-DUP,"This unit is a single file, src/delivery/tracking/controllers/tracking.controller.ts, and it handles one concern: HTTP routing for tracking routes. Its two endpoints, createRoute (POST) and updateRoute (PATCH), only take the request DTOs and pass them to TrackingService. The file goes through the module's own service layer and does not touch persistence or business rules directly. It does not repeat any rule or invariant either. Validation stays with the DTOs, and the logic stays in the service.",
e7-corpus-007-zhuravlevma__typescript-ddd-architecture,zhuravlevma__typescript-ddd-architecture,FF-N01,integrity,src/delivery/tracking/dtos,module,application,valid,pass,0.706667,0.009428,false,3,3,0,3,true,0,JC-N01-DUP,"Both files are request DTOs for the same route resource in delivery/tracking. Both use the same class-validator style, and both are used only by the tracking controller and service. That makes this one cohesive concern with consistent abstractions. UpdateRouteDto repeats the @IsString() rules for courierId and orderId from CreateRouteDto instead of deriving them (for example with PartialType). That overlap is small and normal for DTOs, so it doesn't count as a duplicated domain invariant. There is a drift to note: in UpdateRouteDto the optional fields (courierId?, orderId?) have no @IsOptional(), so validation still rejects them when they're missing. Deriving the update DTO from the create DTO would fix this. It's a validation-correctness issue, not a cohesion or boundary failure.",
e7-corpus-007-zhuravlevma__typescript-ddd-architecture,zhuravlevma__typescript-ddd-architecture,FF-N01,integrity,src/warehouse/order-management/warehouse/controllers/dtos,module,application,valid,pass,0.823333,0.020548,false,3,3,0,3,true,1,JC-N01-SPLIT;JC-N01-DUP;JC-N01-BYPASS,"All four files are request/response DTOs for the warehouse controller. The three request DTOs (AddOrderDto, CreateWarehouseDto, UpdateOrderDto) all use @ApiProperty and class-validator decorators the same way. The response DTO (SavedWarehouseResponseDto with the nested SavedOrderResponseDto) maps from the domain through the entity's own export() method, so it doesn't bypass the domain abstraction. Both AddOrderDto and UpdateOrderDto validate isValid with @IsBoolean/@IsNotEmpty. That is a shared input check each endpoint needs, not a business invariant duplicated across files. No file splits into a second concern or holds business logic. Minor note: in the graph excerpt, warehouse.controller.ts doesn't import AddOrderDto, so it may be unused. That doesn't break cohesion.",
e7-corpus-007-zhuravlevma__typescript-ddd-architecture,zhuravlevma__typescript-ddd-architecture,FF-N01,integrity,src/warehouse/order-management/warehouse/dal/orm-entities,module,infrastructure,valid,pass,0.893333,0.009428,false,3,3,0,3,true,1,JC-N01-SPLIT;JC-N01-DUP;JC-N01-BYPASS,"Both files hold TypeORM persistence mappings for the same aggregate (a warehouse and its orders) in the 'warehouse' schema. They use the same abstraction, TypeORM decorators, in the same way. The two classes refer to each other in a bidirectional ManyToOne/OneToMany relationship. TypeORM needs that pairing for a bidirectional relation, so it is not a duplicated rule. The foreign-key join (warehouseId -> id) is defined only on OrderOrmEntity, and the cascade behaviour is defined only on WarehouseOrmEntity. Neither file mixes in an unrelated concern or works around the module's abstractions.",
e7-corpus-007-zhuravlevma__typescript-ddd-architecture,zhuravlevma__typescript-ddd-architecture,FF-N01,integrity,src/warehouse/order-management/warehouse/domain/ports/out,module,domain,valid,pass,0.893333,0.009428,false,3,3,0,3,true,0,JC-N01-DUP,"All four files are outbound port declarations for one concern: persisting and retrieving the WarehouseEntity aggregate. Each file declares a single abstract class with one abstract method. Every method takes or returns WarehouseEntity from '../../entities/warehouse.entity', so the files use the same abstraction throughout. No file duplicates a rule or invariant, and none contains logic that skips the module's abstractions. Two small points don't break cohesion. First, the 'Wh' abbreviation in GetLastWhOutPort doesn't match the other names. Second, GetWarehouseWithOrdersOutPort has no injector in the graph excerpt.",
e7-corpus-007-zhuravlevma__typescript-ddd-architecture,zhuravlevma__typescript-ddd-architecture,FF-N01,integrity,src/warehouse/tracking/controllers,module,presentation,valid,pass,0.873333,0.009428,false,3,3,0,3,true,0,JC-N01-SPLIT;JC-N01-DUP,"The unit has one file, tracking.controller.ts, and it covers one concern: the HTTP endpoints for the tracking feature. TrackingController is thin. Both of its handlers take a DTO from the request body and pass it straight to the injected TrackingService, which is the module's own service. Nothing gets around that service. The file doesn't touch persistence directly, contains no business logic, and doesn't repeat any rule or invariant that should live in the service or DTO layer. One small issue is naming. The handlers are called createRoute and updateRoute, and their parameters are createRouteDto and updateRouteDto, but the types they accept are CreateDeliveryDto and UpdateDeliveryDto, and the class is about ""tracking"". This is a naming mismatch, not a split in concerns or a broken abstraction, so the rule doesn't count it as a failure.",
e7-corpus-007-zhuravlevma__typescript-ddd-architecture,zhuravlevma__typescript-ddd-architecture,FF-N01,integrity,src/warehouse/tracking/dtos,module,application,valid,fail,0.600000,0.047140,false,3,3,2,1,true,0,JC-N01-DUP,"Both files cover one concern: input DTOs for the delivery resource. However, UpdateDeliveryDto declares orderId, truckId and targetPickUpPoint again with their own @IsString() validators. It does not derive them from CreateDeliveryDto (for example with PartialType), so each field's validation rule lives in two places. The copies have already drifted. In UpdateDeliveryDto those fields are optional in TypeScript but have no @IsOptional(), so class-validator still treats them as required strings. Unless validation is set to skip missing properties, a partial update will be rejected, which contradicts the optional typing. This duplicated invariant fails the rubric.","UpdateDeliveryDto declares the field validators (@IsString() on orderId, truckId, targetPickUpPoint) a second time instead of deriving them from CreateDeliveryDto (e.g. with PartialType). The copies have drifted: the fields are optional in TypeScript but have no @IsOptional(), so class-validator still requires them as strings and partial updates will fail unless validation skips missing properties."
e7-corpus-007-zhuravlevma__typescript-ddd-architecture,zhuravlevma__typescript-ddd-architecture,FF-N02,semantic,src/__infrastructure__/context/context.module.ts,file,presentation,valid,pass,0.746667,0.037712,false,3,3,0,3,true,0,JC-N02-PERSISTENCE;JC-N02-TRANSPORT;JC-N02-FRAMEWORK;JC-N02-BUSINESS,"The file sits in the presentation layer because it matches the **/*.module.ts pattern, so the layer model treats NestJS module files as composition and wiring. The only thing ContextModule does is declare a global NestJS module. It registers one provider (CONTEXT_STORAGE, set to a new AsyncLocalStorage instance) and exports it. That is framework wiring, which is what a module file is for. The file has no business rules, no persistence and no transport handling. The AsyncLocalStorage instance is created only as a value for the provider; the module contains no logic that reads or writes it. Even though the folder is named __infrastructure__, nothing in the file does work that belongs to another layer kind.",
e7-corpus-007-zhuravlevma__typescript-ddd-architecture,zhuravlevma__typescript-ddd-architecture,FF-N02,semantic,src/accounting/reports/report/dal/orm-entities/report.orm-entity.ts,file,infrastructure,valid,pass,0.943333,0.009428,false,3,3,0,3,true,0,JC-N02-PERSISTENCE;JC-N02-TRANSPORT;JC-N02-BUSINESS,"The file is a TypeORM persistence entity inside a dal/ folder, so it is declared as infrastructure. Its only job is to map the database schema: table name and schema, column types, primary key generation, and a one-to-many relation with cascade settings. All of that is persistence mapping, which is the role of the infrastructure layer. It has no business rules, validation logic, transport handling or presentation concerns. The isValid column is a plain stored field with no logic attached.",
e7-corpus-007-zhuravlevma__typescript-ddd-architecture,zhuravlevma__typescript-ddd-architecture,FF-N02,semantic,src/accounting/verification/dtos/create-verification.dto.ts,file,application,valid,pass,0.893333,0.018856,false,3,3,0,3,true,0,JC-N02-PERSISTENCE;JC-N02-TRANSPORT;JC-N02-FRAMEWORK;JC-N02-BUSINESS,"CreateVerificationDto is a plain data transfer object. It has four fields, each with a class-validator decorator that checks its shape. Defining input contracts with structural validation is the job of the application layer, and the layer model maps both **/dtos/** and **/*.dto.ts to that layer. The file holds no persistence, transport handling, framework wiring or business rules. One thing is wrong but outside this rule: `isFull` is typed as `boolean` but decorated with `@IsString()`. That is a validation bug, not a misplaced responsibility.",
e7-corpus-007-zhuravlevma__typescript-ddd-architecture,zhuravlevma__typescript-ddd-architecture,FF-N02,semantic,src/app.module.ts,file,presentation,valid,pass,0.713333,0.009428,false,3,3,0,3,true,1,JC-N02-PERSISTENCE;JC-N02-TRANSPORT;JC-N02-FRAMEWORK;JC-N02-BUSINESS,"src/app.module.ts is the NestJS root module, placed in the presentation layer by the **/*.module.ts pattern. Its jobs are framework composition: it imports feature and infrastructure modules, sets up ConfigModule and TypeOrmModule.forRoot, and attaches ContextMiddleware to all routes in configure(). The TypeORM setup (Postgres connection, entity list, synchronize: true) is infrastructure configuration. Putting it in the root module is standard NestJS practice, and the file only declares settings; it contains no query, repository or persistence code. The file has no business rules, domain invariants or transport handling logic. A stricter reading could count the inline database connection settings as infrastructure work in a presentation file, but this is ordinary root-module wiring, so the file passes.",
e7-corpus-007-zhuravlevma__typescript-ddd-architecture,zhuravlevma__typescript-ddd-architecture,FF-N02,semantic,src/cart/cart/cart.module.ts,file,presentation,valid,pass,0.853333,0.037712,false,3,3,0,3,true,0,JC-N02-PERSISTENCE;JC-N02-TRANSPORT;JC-N02-FRAMEWORK;JC-N02-BUSINESS,"The layer model puts **/*.module.ts files in the presentation layer, so a NestJS module is meant to be the place where dependencies are wired together. CartModule only does that. It registers ORM entities with TypeOrmModule.forFeature, imports SagaModule, declares the controller and binds ports to their adapters. Its factories just build the interactors and pass in the injected ports. The file has no business rules, no persistence queries, no transport handling and no domain logic. Referring to TypeORM entities and repositories as DI tokens is still wiring, not doing persistence work. No ADR prose was provided to contradict this.",
e7-corpus-007-zhuravlevma__typescript-ddd-architecture,zhuravlevma__typescript-ddd-architecture,FF-N02,semantic,src/cart/cart/controllers/dtos/update-order.dto.ts,file,application,valid,pass,0.850000,0.000000,false,3,3,0,3,true,0,JC-N02-PERSISTENCE;JC-N02-TRANSPORT;JC-N02-FRAMEWORK;JC-N02-BUSINESS,"This file declares a single data transfer object, UpdateOrderDto, with one boolean field, isValid. The field uses a Swagger schema annotation (@ApiProperty) and class-validator checks for its shape (@IsBoolean, @IsNotEmpty). The layer model puts DTOs in the application layer, and carrying input data between layers with shape-level validation is a normal job for an application DTO. The file has no business rules, persistence, transport handling or framework control flow. The Swagger annotation is a small API-documentation concern, but in NestJS it is the usual way to declare a DTO, and the layer model itself classifies **/dtos/** and **/*.dto.ts as application. It is not a misplaced responsibility that rises to a violation.",
e7-corpus-007-zhuravlevma__typescript-ddd-architecture,zhuravlevma__typescript-ddd-architecture,FF-N02,semantic,src/cart/cart/domain/ports/out/create-saga.out-port.ts,file,domain,valid,pass,0.850000,0.000000,false,3,3,0,3,true,0,JC-N02-PERSISTENCE;JC-N02-TRANSPORT;JC-N02-FRAMEWORK;JC-N02-BUSINESS,"This file is an outbound port (hexagonal style) declared in the domain layer. It has two parts. The first is `CreateSagaOutPort`, an abstract class with one abstract method, `createSaga`. The second is `CheckSagaApiDto`, a plain data shape with one field, `correlationId`. Defining outbound port contracts in the domain is a normal domain responsibility. The domain interactor `CreateCartInteractor` depends on the port, and the external `ExternalSagaApi` adapter implements it. The file has no HTTP calls, persistence, framework decorators or business rules that belong to another layer. The name 'ApiDto' hints at transport, but the type is only a framework-free contract shape with no transport behaviour, so this is a naming issue, not a misplaced responsibility.",
e7-corpus-007-zhuravlevma__typescript-ddd-architecture,zhuravlevma__typescript-ddd-architecture,FF-N02,semantic,src/cart/payment/models/payment.model.ts,file,domain,valid,fail,0.746667,0.037712,false,3,3,3,0,true,1,JC-N02-PERSISTENCE;JC-N02-FRAMEWORK;JC-N02-BUSINESS,"This file sits in the domain layer, but almost everything it does is persistence mapping, which is an infrastructure job. The `Payment` class has no domain behaviour or business rules. It carries TypeORM decorators that set the database table name (`payments`), the database schema (`cart`), how the primary key is generated (`uuid`) and the column storage types (`bool`, `uuid`, `text`). That makes it an ORM table mapping rather than a domain model. That mapping belongs in the infrastructure layer, for example as a separate ORM entity or a repository-side mapping, with the domain `Payment` kept as a plain class. Whether domain may import `typeorm` at all is out of scope here. This verdict is only about the persistence work the file does.","Class `Payment` maps itself to the database through TypeORM decorators: `@Entity('payments', { schema: 'cart' })`, `@PrimaryGeneratedColumn('uuid')` and `@Column({ type: ... })`. This maps the class to the `payments` table and its columns, which is infrastructure (persistence) work sitting in a domain-layer file."
e7-corpus-007-zhuravlevma__typescript-ddd-architecture,zhuravlevma__typescript-ddd-architecture,FF-N02,semantic,src/delivery/board/offer/domain/ports/in/create-offer.in-port.ts,file,domain,valid,pass,0.916667,0.012472,false,3,3,0,3,true,0,JC-N02-PERSISTENCE;JC-N02-TRANSPORT;JC-N02-FRAMEWORK;JC-N02-BUSINESS,"The file declares a hexagonal inbound port: a plain parameter interface (CreateOfferParams) and an abstract class (CreateOfferInPort) with a single abstract execute method that returns a domain entity. It has no persistence, transport, HTTP or framework logic. It has no decorators and no I/O, and it makes no business-rule decisions that belong to another layer. Declaring a use-case contract inside the domain/ports folder fits the domain layer's role in a ports-and-adapters design. The abstract class is used as a DI token by the controller and is implemented by a domain interactor. That is a binding detail and does not count as framework logic in this file. Import direction is out of scope.",
e7-corpus-007-zhuravlevma__typescript-ddd-architecture,zhuravlevma__typescript-ddd-architecture,FF-N02,semantic,src/delivery/curiers/curier/controllers/dtos/update-curiers-info.dto.ts,file,application,valid,pass,0.840000,0.014142,false,3,3,0,3,true,0,JC-N02-PERSISTENCE;JC-N02-TRANSPORT;JC-N02-FRAMEWORK;JC-N02-BUSINESS,"The file only declares a data transfer object, `UpdateCuriersInfoDto`, whose fields are optional and carry declarative validation and API-documentation decorators. The layer model puts `**/dtos/**` and `*.dto.ts` files in the application layer, and a DTO that describes the shape of incoming data and its validation constraints fits that role. The file has no persistence, transport handling, framework orchestration or business rules. The Swagger `@ApiProperty` metadata is a common NestJS DTO convention and only annotates the data. It does not implement transport logic. One unrelated issue: `isActive` is typed as `boolean` but validated with `@IsString()`. That is a correctness bug, not a layer-responsibility violation.",
e7-corpus-007-zhuravlevma__typescript-ddd-architecture,zhuravlevma__typescript-ddd-architecture,FF-N02,semantic,src/delivery/curiers/curier/dal/curier.mapper.ts,file,infrastructure,valid,pass,0.936667,0.009428,false,3,3,0,3,true,1,JC-N02-PERSISTENCE;JC-N02-BUSINESS,"This is a data-mapper in the DAL (infrastructure) layer. It only converts between ORM persistence entities (CurierOrmEntity, OrderOrmEntity) and domain entities (CurierEntity, OrderEntity). It copies fields one-to-one in both directions and does not compute, validate or branch on business rules. Mapping between persistence and domain models is a standard infrastructure job, so the file passes the rule.",
e7-corpus-007-zhuravlevma__typescript-ddd-architecture,zhuravlevma__typescript-ddd-architecture,FF-N02,semantic,src/delivery/curiers/curier/dal/orm-entities/curier.orm-entity.ts,file,infrastructure,valid,pass,0.930000,0.000000,false,3,3,0,3,true,0,JC-N02-PERSISTENCE;JC-N02-TRANSPORT;JC-N02-FRAMEWORK;JC-N02-BUSINESS,"This file is a TypeORM persistence mapping in the dal folder, which the layer model places in infrastructure. Everything in it is persistence work: the @Entity table and schema mapping, the @Column and @PrimaryGeneratedColumn declarations, and the @OneToMany relation with its cascade settings. It has no business rules, validation, domain behavior, transport handling or presentation logic. Cascade options on an ORM relation are persistence configuration, not domain rules. The file's responsibilities fit the infrastructure layer.",
e7-corpus-007-zhuravlevma__typescript-ddd-architecture,zhuravlevma__typescript-ddd-architecture,FF-N02,semantic,src/delivery/curiers/curier/domain/ports/out/create-curier.out-port.ts,file,domain,valid,pass,0.950000,0.000000,false,3,3,0,3,true,0,JC-N02-PERSISTENCE;JC-N02-TRANSPORT;JC-N02-FRAMEWORK;JC-N02-BUSINESS,"The file only declares an abstract outbound port, CreateCurierOutPort, with one abstract method, createCurier(curier: CurierEntity): Promise<CurierEntity>. It defines that contract in domain terms and has no persistence, transport, framework or business-rule implementation. Declaring an outbound port in the domain is the standard hexagonal/ports-and-adapters pattern. The persistence implementation lives in the infrastructure layer (CurierRepository in dal/ implements it). So the file's only job fits the domain layer.",
e7-corpus-007-zhuravlevma__typescript-ddd-architecture,zhuravlevma__typescript-ddd-architecture,FF-N02,semantic,src/delivery/delivery.module.ts,file,presentation,valid,pass,0.950000,0.000000,false,3,3,0,3,true,0,JC-N02-PERSISTENCE;JC-N02-TRANSPORT;JC-N02-FRAMEWORK;JC-N02-BUSINESS,"The file only declares a NestJS module, DeliveryModule, that pulls together its submodules (CuriersModule, BoardModule and Tracking). Wiring modules together is framework composition, and the layer model puts *.module.ts files in the presentation layer, so this is the expected job for that layer. The file has no business rules, persistence or transport handling, and no other logic that belongs to a different layer.",
e7-corpus-007-zhuravlevma__typescript-ddd-architecture,zhuravlevma__typescript-ddd-architecture,FF-N02,semantic,src/delivery/tracking/dtos/update-route.dto.ts,file,application,valid,pass,0.936667,0.009428,false,3,3,0,3,true,0,JC-N02-PERSISTENCE;JC-N02-TRANSPORT;JC-N02-FRAMEWORK;JC-N02-BUSINESS,"The file is a plain DTO in the application layer (it matches **/dtos/** and **/*.dto.ts). It declares the input shape for a route update and uses class-validator decorators to check those fields. Describing and validating input is a normal job for an application-layer DTO. The file has no persistence, transport, framework wiring or business rules. The optional fields marked only with @IsString and not @IsOptional are a validation-correctness issue, not a responsibility in the wrong layer.",
e7-corpus-007-zhuravlevma__typescript-ddd-architecture,zhuravlevma__typescript-ddd-architecture,FF-N02,semantic,src/delivery/tracking/tracking.module.ts,file,presentation,valid,pass,0.870000,0.014142,false,3,3,0,3,true,1,JC-N02-PERSISTENCE;JC-N02-TRANSPORT;JC-N02-FRAMEWORK;JC-N02-BUSINESS,"The file is a NestJS module declaration, which the layer model puts in the presentation layer (**/*.module.ts). Its only job is composition and wiring. It registers the TypeORM feature repository for Route, the TrackingController, and the TrackingService and ExternalTrackingApi providers. It holds no business rules, no persistence queries and no transport handling. Calling TypeOrmModule.forFeature is the framework's standard way to declare a dependency and is the usual job of a module file. It does not implement persistence. Every responsibility fits the role of a presentation/module file.",
e7-corpus-007-zhuravlevma__typescript-ddd-architecture,zhuravlevma__typescript-ddd-architecture,FF-N02,semantic,src/warehouse/order-management/warehouse/controllers/dtos/add-order.dto.ts,file,application,valid,pass,0.840000,0.014142,false,3,3,0,3,true,1,JC-N02-PERSISTENCE;JC-N02-TRANSPORT;JC-N02-FRAMEWORK;JC-N02-BUSINESS,"The file has one responsibility. It defines AddOrderDto, a data shape for input with three fields (name, orderId, isValid). Input checks on the fields come from class-validator decorators (IsString, IsNotEmpty, IsBoolean), and API documentation comes from @nestjs/swagger ApiProperty decorators. The layer model puts **/dtos/** and **/*.dto.ts files in the application layer, so declaring and validating a DTO fits that layer. The file has no persistence logic, no business rules or domain behaviour, and no request handling or routing. The ApiProperty metadata touches the API surface, but it is the standard NestJS way to describe a DTO and doesn't add a separate transport responsibility. The DTO sits under a controllers/ folder, but that location is an import or layer-placement question, which is out of scope for this rule.",
e7-corpus-007-zhuravlevma__typescript-ddd-architecture,zhuravlevma__typescript-ddd-architecture,FF-N02,semantic,src/warehouse/order-management/warehouse/dal/orm-entities/order.orm-entity.ts,file,infrastructure,valid,pass,0.943333,0.009428,false,3,3,0,3,true,0,JC-N02-PERSISTENCE;JC-N02-TRANSPORT;JC-N02-BUSINESS,"The file sits in the infrastructure layer (dal/**). It is a TypeORM persistence entity: it declares the table schema, the column mappings and the ManyToOne relation to WarehouseOrmEntity. It has no business rules, no validation logic and no transport or presentation concerns. Even the 'isValid' field is just a stored column, not logic. Mapping data to the database is exactly what an infrastructure layer does.",
e7-corpus-007-zhuravlevma__typescript-ddd-architecture,zhuravlevma__typescript-ddd-architecture,FF-N02,semantic,src/warehouse/order-management/warehouse/dal/warehouse.mapper.ts,file,infrastructure,valid,pass,0.930000,0.000000,false,3,3,0,3,true,0,JC-N02-PERSISTENCE;JC-N02-TRANSPORT;JC-N02-BUSINESS,"WarehouseMapper sits in the DAL (infrastructure). Its only job is translating between domain entities (WarehouseEntity, OrderEntity) and persistence ORM entities (WarehouseOrmEntity, OrderOrmEntity). That is a standard persistence-adapter role, which belongs to infrastructure. The file has no business rules, validation, transport or presentation logic. For example, isValid is copied field-to-field and never computed. All of its responsibilities match the infrastructure layer.",
e7-corpus-007-zhuravlevma__typescript-ddd-architecture,zhuravlevma__typescript-ddd-architecture,FF-N02,semantic,src/warehouse/order-management/warehouse/domain/ports/in/create-warehouse.in-port.ts,file,domain,valid,pass,0.920000,0.014142,false,3,3,0,3,true,0,JC-N02-PERSISTENCE;JC-N02-TRANSPORT;JC-N02-FRAMEWORK,"This file is an inbound port in a hexagonal-style domain layer. It defines a plain parameter interface (CreateWarehouseParams) and an abstract use-case contract (CreateWarehouseInPort.execute) that returns a domain entity. It has no persistence, transport or framework logic, and no concrete behavior of any kind. Declaring port contracts inside the domain/core is a valid domain responsibility. A domain interactor implements the port and a controller consumes it, which fits the inward-facing port role.",
